Id,Asin,"Collection Id","Collection Name","Collection Type",Reason1
63693,B001GCTUC0,43,"Daily Scraping all ASINs",Daily,"404 Product Not Found"
71997,B007NPY196,43,"Daily Scraping all ASINs",Daily,"404 Product Not Found"
68064,B07H25QZRS,43,"Daily Scraping all ASINs",Daily,"SQLSTATE[HY000]: General error: 1366 Incorrect integer value: '' for column 'offerCount' at row 1 (SQL: insert into `tbl_asins_result` (`url`, `asin`, `fkAsinId`, `c_id`, `capturedAt`, `offerPrice`, `..."
71998,B007NYF2HC,43,"Daily Scraping all ASINs",Daily,"404 Product Not Found"
62821,B0006GDB7M,43,"Daily Scraping all ASINs",Daily,"404 Product Not Found"
71999,B00LUT7TRC,43,"Daily Scraping all ASINs",Daily,"404 Product Not Found"
72000,B00UDE4M84,43,"Daily Scraping all ASINs",Daily,"404 Product Not Found"
63259,B005YSA7OW,43,"Daily Scraping all ASINs",Daily,"404 Product Not Found"
68068,B07H24JMM3,43,"Daily Scraping all ASINs",Daily,"SQLSTATE[HY000]: General error: 1366 Incorrect integer value: '' for column 'offerCount' at row 1 (SQL: insert into `tbl_asins_result` (`url`, `asin`, `fkAsinId`, `c_id`, `capturedAt`, `offerPrice`, `..."
72001,B01ABIXU3E,43,"Daily Scraping all ASINs",Daily,"404 Product Not Found"
72002,B01DS2VZW8,43,"Daily Scraping all ASINs",Daily,"404 Product Not Found"
65883,B00006I8AK,43,"Daily Scraping all ASINs",Daily,"404 Product Not Found"
68073,B07H21924T,43,"Daily Scraping all ASINs",Daily,"SQLSTATE[HY000]: General error: 1366 Incorrect integer value: '' for column 'offerCount' at row 1 (SQL: insert into `tbl_asins_result` (`url`, `asin`, `fkAsinId`, `c_id`, `capturedAt`, `offerPrice`, `..."
71127,B00V7RP5TG,43,"Daily Scraping all ASINs",Daily,"404 Product Not Found"
69384,B008YXF6UE,43,"Daily Scraping all ASINs",Daily,"404 Product Not Found"
68075,B07H22QR3Q,43,"Daily Scraping all ASINs",Daily,"SQLSTATE[HY000]: General error: 1366 Incorrect integer value: '' for column 'offerCount' at row 1 (SQL: insert into `tbl_asins_result` (`url`, `asin`, `fkAsinId`, `c_id`, `capturedAt`, `offerPrice`, `..."
69385,B008YXF63Q,43,"Daily Scraping all ASINs",Daily,"404 Product Not Found"
65015,B0040M628I,43,"Daily Scraping all ASINs",Daily,"404 Product Not Found"
67201,B07HQMBTVM,43,"Daily Scraping all ASINs",Daily,"SQLSTATE[HY000]: General error: 1366 Incorrect integer value: '' for column 'offerCount' at row 1 (SQL: insert into `tbl_asins_result` (`url`, `asin`, `fkAsinId`, `c_id`, `capturedAt`, `offerPrice`, `..."
65894,B00006HXVR,43,"Daily Scraping all ASINs",Daily,"404 Product Not Found"
63268,B00B8XANAU,43,"Daily Scraping all ASINs",Daily,"404 Product Not Found"
70262,B01LXR9FRN,43,"Daily Scraping all ASINs",Daily,"404 Product Not Found"
67203,B07HQLKKB1,43,"Daily Scraping all ASINs",Daily,"SQLSTATE[HY000]: General error: 1366 Incorrect integer value: '' for column 'offerCount' at row 1 (SQL: insert into `tbl_asins_result` (`url`, `asin`, `fkAsinId`, `c_id`, `capturedAt`, `offerPrice`, `..."
67204,B07HQF5V4B,43,"Daily Scraping all ASINs",Daily,"SQLSTATE[HY000]: General error: 1366 Incorrect integer value: '' for column 'offerCount' at row 1 (SQL: insert into `tbl_asins_result` (`url`, `asin`, `fkAsinId`, `c_id`, `capturedAt`, `offerPrice`, `..."
72014,B06XQLK84S,43,"Daily Scraping all ASINs",Daily,"404 Product Not Found"
72015,B072F3G1YZ,43,"Daily Scraping all ASINs",Daily,"404 Product Not Found"
68079,B07H76PKVG,43,"Daily Scraping all ASINs",Daily,"SQLSTATE[HY000]: General error: 1366 Incorrect integer value: '' for column 'offerCount' at row 1 (SQL: insert into `tbl_asins_result` (`url`, `asin`, `fkAsinId`, `c_id`, `capturedAt`, `offerPrice`, `..."
69394,B001GXD8T0,43,"Daily Scraping all ASINs",Daily,"404 Product Not Found"
72017,B0711CZ3Q4,43,"Daily Scraping all ASINs",Daily,"404 Product Not Found"
67207,B07HDZLNFQ,43,"Daily Scraping all ASINs",Daily,"SQLSTATE[HY000]: General error: 1366 Incorrect integer value: '' for column 'offerCount' at row 1 (SQL: insert into `tbl_asins_result` (`url`, `asin`, `fkAsinId`, `c_id`, `capturedAt`, `offerPrice`, `..."
69395,B001GX6MMU,43,"Daily Scraping all ASINs",Daily,"404 Product Not Found"
68081,B07H24QZSW,43,"Daily Scraping all ASINs",Daily,"SQLSTATE[HY000]: General error: 1366 Incorrect integer value: '' for column 'offerCount' at row 1 (SQL: insert into `tbl_asins_result` (`url`, `asin`, `fkAsinId`, `c_id`, `capturedAt`, `offerPrice`, `..."
68083,B07H76LX4F,43,"Daily Scraping all ASINs",Daily,"SQLSTATE[HY000]: General error: 1366 Incorrect integer value: '' for column 'offerCount' at row 1 (SQL: insert into `tbl_asins_result` (`url`, `asin`, `fkAsinId`, `c_id`, `capturedAt`, `offerPrice`, `..."
63276,B00A0M5D78,43,"Daily Scraping all ASINs",Daily,"404 Product Not Found"
68085,B07H77GYH1,43,"Daily Scraping all ASINs",Daily,"SQLSTATE[HY000]: General error: 1366 Incorrect integer value: '' for column 'offerCount' at row 1 (SQL: insert into `tbl_asins_result` (`url`, `asin`, `fkAsinId`, `c_id`, `capturedAt`, `offerPrice`, `..."
67213,B07HDYXMW7,43,"Daily Scraping all ASINs",Daily,"SQLSTATE[HY000]: General error: 1366 Incorrect integer value: '' for column 'offerCount' at row 1 (SQL: insert into `tbl_asins_result` (`url`, `asin`, `fkAsinId`, `c_id`, `capturedAt`, `offerPrice`, `..."
68086,B07H23ZG9T,43,"Daily Scraping all ASINs",Daily,"SQLSTATE[HY000]: General error: 1366 Incorrect integer value: '' for column 'offerCount' at row 1 (SQL: insert into `tbl_asins_result` (`url`, `asin`, `fkAsinId`, `c_id`, `capturedAt`, `offerPrice`, `..."
67214,B07HDYYN45,43,"Daily Scraping all ASINs",Daily,"SQLSTATE[HY000]: General error: 1366 Incorrect integer value: '' for column 'offerCount' at row 1 (SQL: insert into `tbl_asins_result` (`url`, `asin`, `fkAsinId`, `c_id`, `capturedAt`, `offerPrice`, `..."
67215,B07HQGW48M,43,"Daily Scraping all ASINs",Daily,"SQLSTATE[HY000]: General error: 1366 Incorrect integer value: '' for column 'offerCount' at row 1 (SQL: insert into `tbl_asins_result` (`url`, `asin`, `fkAsinId`, `c_id`, `capturedAt`, `offerPrice`, `..."
67216,B07HQDQXLH,43,"Daily Scraping all ASINs",Daily,"SQLSTATE[HY000]: General error: 1366 Incorrect integer value: '' for column 'offerCount' at row 1 (SQL: insert into `tbl_asins_result` (`url`, `asin`, `fkAsinId`, `c_id`, `capturedAt`, `offerPrice`, `..."
72025,B079MG1T2Q,43,"Daily Scraping all ASINs",Daily,"404 Product Not Found"
68088,B07H24M4FV,43,"Daily Scraping all ASINs",Daily,"SQLSTATE[HY000]: General error: 1366 Incorrect integer value: '' for column 'offerCount' at row 1 (SQL: insert into `tbl_asins_result` (`url`, `asin`, `fkAsinId`, `c_id`, `capturedAt`, `offerPrice`, `..."
67657,B07H26VQGD,43,"Daily Scraping all ASINs",Daily,"SQLSTATE[HY000]: General error: 1366 Incorrect integer value: '' for column 'offerCount' at row 1 (SQL: insert into `tbl_asins_result` (`url`, `asin`, `fkAsinId`, `c_id`, `capturedAt`, `offerPrice`, `..."
67218,B07HQJYVPN,43,"Daily Scraping all ASINs",Daily,"SQLSTATE[HY000]: General error: 1366 Incorrect integer value: '' for column 'offerCount' at row 1 (SQL: insert into `tbl_asins_result` (`url`, `asin`, `fkAsinId`, `c_id`, `capturedAt`, `offerPrice`, `..."
68090,B07H74R2HW,43,"Daily Scraping all ASINs",Daily,"SQLSTATE[HY000]: General error: 1366 Incorrect integer value: '' for column 'offerCount' at row 1 (SQL: insert into `tbl_asins_result` (`url`, `asin`, `fkAsinId`, `c_id`, `capturedAt`, `offerPrice`, `..."
67659,B07H25DPRK,43,"Daily Scraping all ASINs",Daily,"SQLSTATE[HY000]: General error: 1366 Incorrect integer value: '' for column 'offerCount' at row 1 (SQL: insert into `tbl_asins_result` (`url`, `asin`, `fkAsinId`, `c_id`, `capturedAt`, `offerPrice`, `..."
67660,B07H26HLJ7,43,"Daily Scraping all ASINs",Daily,"SQLSTATE[HY000]: General error: 1366 Incorrect integer value: '' for column 'offerCount' at row 1 (SQL: insert into `tbl_asins_result` (`url`, `asin`, `fkAsinId`, `c_id`, `capturedAt`, `offerPrice`, `..."
67221,B07HDYLGGN,43,"Daily Scraping all ASINs",Daily,"SQLSTATE[HY000]: General error: 1366 Incorrect integer value: '' for column 'offerCount' at row 1 (SQL: insert into `tbl_asins_result` (`url`, `asin`, `fkAsinId`, `c_id`, `capturedAt`, `offerPrice`, `..."
72032,B07NM834RM,43,"Daily Scraping all ASINs",Daily,"404 Product Not Found"
68096,B07H218TBC,43,"Daily Scraping all ASINs",Daily,"SQLSTATE[HY000]: General error: 1366 Incorrect integer value: '' for column 'offerCount' at row 1 (SQL: insert into `tbl_asins_result` (`url`, `asin`, `fkAsinId`, `c_id`, `capturedAt`, `offerPrice`, `..."
68097,B07H24FNHG,43,"Daily Scraping all ASINs",Daily,"SQLSTATE[HY000]: General error: 1366 Incorrect integer value: '' for column 'offerCount' at row 1 (SQL: insert into `tbl_asins_result` (`url`, `asin`, `fkAsinId`, `c_id`, `capturedAt`, `offerPrice`, `..."
67225,B07HQ9CBYZ,43,"Daily Scraping all ASINs",Daily,"SQLSTATE[HY000]: General error: 1366 Incorrect integer value: '' for column 'offerCount' at row 1 (SQL: insert into `tbl_asins_result` (`url`, `asin`, `fkAsinId`, `c_id`, `capturedAt`, `offerPrice`, `..."
68099,B07H24K4HX,43,"Daily Scraping all ASINs",Daily,"SQLSTATE[HY000]: General error: 1366 Incorrect integer value: '' for column 'offerCount' at row 1 (SQL: insert into `tbl_asins_result` (`url`, `asin`, `fkAsinId`, `c_id`, `capturedAt`, `offerPrice`, `..."
67666,B07H23HDM4,43,"Daily Scraping all ASINs",Daily,"SQLSTATE[HY000]: General error: 1366 Incorrect integer value: '' for column 'offerCount' at row 1 (SQL: insert into `tbl_asins_result` (`url`, `asin`, `fkAsinId`, `c_id`, `capturedAt`, `offerPrice`, `..."
67227,B07HQH5MMR,43,"Daily Scraping all ASINs",Daily,"SQLSTATE[HY000]: General error: 1366 Incorrect integer value: '' for column 'offerCount' at row 1 (SQL: insert into `tbl_asins_result` (`url`, `asin`, `fkAsinId`, `c_id`, `capturedAt`, `offerPrice`, `..."
65931,B00006B8JY,43,"Daily Scraping all ASINs",Daily,"404 Product Not Found"
67228,B07HDY4V3J,43,"Daily Scraping all ASINs",Daily,"SQLSTATE[HY000]: General error: 1366 Incorrect integer value: '' for column 'offerCount' at row 1 (SQL: insert into `tbl_asins_result` (`url`, `asin`, `fkAsinId`, `c_id`, `capturedAt`, `offerPrice`, `..."
62427,B075R8TLK4,43,"Daily Scraping all ASINs",Daily,"404 Product Not Found"
68105,B07H24DVLH,43,"Daily Scraping all ASINs",Daily,"SQLSTATE[HY000]: General error: 1366 Incorrect integer value: '' for column 'offerCount' at row 1 (SQL: insert into `tbl_asins_result` (`url`, `asin`, `fkAsinId`, `c_id`, `capturedAt`, `offerPrice`, `..."
67231,B07HDZ7D1T,43,"Daily Scraping all ASINs",Daily,"SQLSTATE[HY000]: General error: 1366 Incorrect integer value: '' for column 'offerCount' at row 1 (SQL: insert into `tbl_asins_result` (`url`, `asin`, `fkAsinId`, `c_id`, `capturedAt`, `offerPrice`, `..."
67232,B07HDYLVJ9,43,"Daily Scraping all ASINs",Daily,"SQLSTATE[HY000]: General error: 1366 Incorrect integer value: '' for column 'offerCount' at row 1 (SQL: insert into `tbl_asins_result` (`url`, `asin`, `fkAsinId`, `c_id`, `capturedAt`, `offerPrice`, `..."
67233,B07HDZMTVP,43,"Daily Scraping all ASINs",Daily,"SQLSTATE[HY000]: General error: 1366 Incorrect integer value: '' for column 'offerCount' at row 1 (SQL: insert into `tbl_asins_result` (`url`, `asin`, `fkAsinId`, `c_id`, `capturedAt`, `offerPrice`, `..."
67673,B07H24GVK5,43,"Daily Scraping all ASINs",Daily,"SQLSTATE[HY000]: General error: 1366 Incorrect integer value: '' for column 'offerCount' at row 1 (SQL: insert into `tbl_asins_result` (`url`, `asin`, `fkAsinId`, `c_id`, `capturedAt`, `offerPrice`, `..."
68109,B07H24DZDF,43,"Daily Scraping all ASINs",Daily,"SQLSTATE[HY000]: General error: 1366 Incorrect integer value: '' for column 'offerCount' at row 1 (SQL: insert into `tbl_asins_result` (`url`, `asin`, `fkAsinId`, `c_id`, `capturedAt`, `offerPrice`, `..."
67674,B07H27KV8V,43,"Daily Scraping all ASINs",Daily,"SQLSTATE[HY000]: General error: 1366 Incorrect integer value: '' for column 'offerCount' at row 1 (SQL: insert into `tbl_asins_result` (`url`, `asin`, `fkAsinId`, `c_id`, `capturedAt`, `offerPrice`, `..."
68110,B07H2472X7,43,"Daily Scraping all ASINs",Daily,"SQLSTATE[HY000]: General error: 1366 Incorrect integer value: '' for column 'offerCount' at row 1 (SQL: insert into `tbl_asins_result` (`url`, `asin`, `fkAsinId`, `c_id`, `capturedAt`, `offerPrice`, `..."
66363,B00V3X2P3S,43,"Daily Scraping all ASINs",Daily,"404 Product Not Found"
67676,B07H253RJM,43,"Daily Scraping all ASINs",Daily,"SQLSTATE[HY000]: General error: 1366 Incorrect integer value: '' for column 'offerCount' at row 1 (SQL: insert into `tbl_asins_result` (`url`, `asin`, `fkAsinId`, `c_id`, `capturedAt`, `offerPrice`, `..."
67238,B07HQ7R6SR,43,"Daily Scraping all ASINs",Daily,"SQLSTATE[HY000]: General error: 1366 Incorrect integer value: '' for column 'offerCount' at row 1 (SQL: insert into `tbl_asins_result` (`url`, `asin`, `fkAsinId`, `c_id`, `capturedAt`, `offerPrice`, `..."
68112,B07H76M1FJ,43,"Daily Scraping all ASINs",Daily,"SQLSTATE[HY000]: General error: 1366 Incorrect integer value: '' for column 'offerCount' at row 1 (SQL: insert into `tbl_asins_result` (`url`, `asin`, `fkAsinId`, `c_id`, `capturedAt`, `offerPrice`, `..."
67678,B07H24BC75,43,"Daily Scraping all ASINs",Daily,"SQLSTATE[HY000]: General error: 1366 Incorrect integer value: '' for column 'offerCount' at row 1 (SQL: insert into `tbl_asins_result` (`url`, `asin`, `fkAsinId`, `c_id`, `capturedAt`, `offerPrice`, `..."
67241,B07HQMM9T6,43,"Daily Scraping all ASINs",Daily,"SQLSTATE[HY000]: General error: 1366 Incorrect integer value: '' for column 'offerCount' at row 1 (SQL: insert into `tbl_asins_result` (`url`, `asin`, `fkAsinId`, `c_id`, `capturedAt`, `offerPrice`, `..."
68114,B07H26FPYZ,43,"Daily Scraping all ASINs",Daily,"SQLSTATE[HY000]: General error: 1366 Incorrect integer value: '' for column 'offerCount' at row 1 (SQL: insert into `tbl_asins_result` (`url`, `asin`, `fkAsinId`, `c_id`, `capturedAt`, `offerPrice`, `..."
68115,B07H76HZYW,43,"Daily Scraping all ASINs",Daily,"SQLSTATE[HY000]: General error: 1366 Incorrect integer value: '' for column 'offerCount' at row 1 (SQL: insert into `tbl_asins_result` (`url`, `asin`, `fkAsinId`, `c_id`, `capturedAt`, `offerPrice`, `..."
65946,B00006B8JF,43,"Daily Scraping all ASINs",Daily,"404 Product Not Found"
68117,B07H23XBY2,43,"Daily Scraping all ASINs",Daily,"SQLSTATE[HY000]: General error: 1366 Incorrect integer value: '' for column 'offerCount' at row 1 (SQL: insert into `tbl_asins_result` (`url`, `asin`, `fkAsinId`, `c_id`, `capturedAt`, `offerPrice`, `..."
65949,B00006B8JC,43,"Daily Scraping all ASINs",Daily,"404 Product Not Found"
63754,B000WGC4RE,43,"Daily Scraping all ASINs",Daily,"404 Product Not Found"
67683,B07H794NJX,43,"Daily Scraping all ASINs",Daily,"SQLSTATE[HY000]: General error: 1366 Incorrect integer value: '' for column 'offerCount' at row 1 (SQL: insert into `tbl_asins_result` (`url`, `asin`, `fkAsinId`, `c_id`, `capturedAt`, `offerPrice`, `..."
65950,B00006B8JB,43,"Daily Scraping all ASINs",Daily,"404 Product Not Found"
68119,B07H76V1G9,43,"Daily Scraping all ASINs",Daily,"SQLSTATE[HY000]: General error: 1366 Incorrect integer value: '' for column 'offerCount' at row 1 (SQL: insert into `tbl_asins_result` (`url`, `asin`, `fkAsinId`, `c_id`, `capturedAt`, `offerPrice`, `..."
68120,B07H23ZG31,43,"Daily Scraping all ASINs",Daily,"SQLSTATE[HY000]: General error: 1366 Incorrect integer value: '' for column 'offerCount' at row 1 (SQL: insert into `tbl_asins_result` (`url`, `asin`, `fkAsinId`, `c_id`, `capturedAt`, `offerPrice`, `..."
67686,B07H24BT3K,43,"Daily Scraping all ASINs",Daily,"SQLSTATE[HY000]: General error: 1366 Incorrect integer value: '' for column 'offerCount' at row 1 (SQL: insert into `tbl_asins_result` (`url`, `asin`, `fkAsinId`, `c_id`, `capturedAt`, `offerPrice`, `..."
69003,B00UXWPQNQ,43,"Daily Scraping all ASINs",Daily,"404 Product Not Found"
65061,B002T0D3DU,43,"Daily Scraping all ASINs",Daily,"404 Product Not Found"
67689,B07H776KKT,43,"Daily Scraping all ASINs",Daily,"SQLSTATE[HY000]: General error: 1366 Incorrect integer value: '' for column 'offerCount' at row 1 (SQL: insert into `tbl_asins_result` (`url`, `asin`, `fkAsinId`, `c_id`, `capturedAt`, `offerPrice`, `..."
69007,B01CH8271C,43,"Daily Scraping all ASINs",Daily,"404 Product Not Found"
72059,B086JDPWC4,43,"Daily Scraping all ASINs",Daily,"404 Product Not Found"
62881,B00GTRVQ6A,43,"Daily Scraping all ASINs",Daily,"404 Product Not Found"
68121,B07H23XG35,43,"Daily Scraping all ASINs",Daily,"SQLSTATE[HY000]: General error: 1366 Incorrect integer value: '' for column 'offerCount' at row 1 (SQL: insert into `tbl_asins_result` (`url`, `asin`, `fkAsinId`, `c_id`, `capturedAt`, `offerPrice`, `..."
63766,B0008GNPUS,43,"Daily Scraping all ASINs",Daily,"404 Product Not Found"
62884,B00GTRVMYQ,43,"Daily Scraping all ASINs",Daily,"404 Product Not Found"
68122,B07H242FNP,43,"Daily Scraping all ASINs",Daily,"SQLSTATE[HY000]: General error: 1366 Incorrect integer value: '' for column 'offerCount' at row 1 (SQL: insert into `tbl_asins_result` (`url`, `asin`, `fkAsinId`, `c_id`, `capturedAt`, `offerPrice`, `..."
63767,B0006HUSXG,43,"Daily Scraping all ASINs",Daily,"404 Product Not Found"
65069,B002T023AO,43,"Daily Scraping all ASINs",Daily,"404 Product Not Found"
65073,B002T01UXU,43,"Daily Scraping all ASINs",Daily,"404 Product Not Found"
65968,B00006B8IB,43,"Daily Scraping all ASINs",Daily,"404 Product Not Found"
63771,B000YMHTLC,43,"Daily Scraping all ASINs",Daily,"404 Product Not Found"
65969,B00006B8I7,43,"Daily Scraping all ASINs",Daily,"404 Product Not Found"
68127,B07H23P6Q8,43,"Daily Scraping all ASINs",Daily,"SQLSTATE[HY000]: General error: 1366 Incorrect integer value: '' for column 'offerCount' at row 1 (SQL: insert into `tbl_asins_result` (`url`, `asin`, `fkAsinId`, `c_id`, `capturedAt`, `offerPrice`, `..."
63774,B000YMGCRE,43,"Daily Scraping all ASINs",Daily,"404 Product Not Found"
67700,B07H24PKBP,43,"Daily Scraping all ASINs",Daily,"SQLSTATE[HY000]: General error: 1366 Incorrect integer value: '' for column 'offerCount' at row 1 (SQL: insert into `tbl_asins_result` (`url`, `asin`, `fkAsinId`, `c_id`, `capturedAt`, `offerPrice`, `..."
63775,B000YMGBR0,43,"Daily Scraping all ASINs",Daily,"404 Product Not Found"
66824,B001E67VQA,43,"Daily Scraping all ASINs",Daily,"404 Product Not Found"
63777,B000YMCQII,43,"Daily Scraping all ASINs",Daily,"404 Product Not Found"
63778,B000YMB1JI,43,"Daily Scraping all ASINs",Daily,"404 Product Not Found"
67703,B07H261FZT,43,"Daily Scraping all ASINs",Daily,"SQLSTATE[HY000]: General error: 1366 Incorrect integer value: '' for column 'offerCount' at row 1 (SQL: insert into `tbl_asins_result` (`url`, `asin`, `fkAsinId`, `c_id`, `capturedAt`, `offerPrice`, `..."
68132,B07H25F2NG,43,"Daily Scraping all ASINs",Daily,"SQLSTATE[HY000]: General error: 1366 Incorrect integer value: '' for column 'offerCount' at row 1 (SQL: insert into `tbl_asins_result` (`url`, `asin`, `fkAsinId`, `c_id`, `capturedAt`, `offerPrice`, `..."
63779,B008YXETWU,43,"Daily Scraping all ASINs",Daily,"404 Product Not Found"
62894,B00GTRV656,43,"Daily Scraping all ASINs",Daily,"404 Product Not Found"
69454,B003M34B02,43,"Daily Scraping all ASINs",Daily,"404 Product Not Found"
67704,B07H24LB9Y,43,"Daily Scraping all ASINs",Daily,"SQLSTATE[HY000]: General error: 1366 Incorrect integer value: '' for column 'offerCount' at row 1 (SQL: insert into `tbl_asins_result` (`url`, `asin`, `fkAsinId`, `c_id`, `capturedAt`, `offerPrice`, `..."
68133,B07H27BG43,43,"Daily Scraping all ASINs",Daily,"SQLSTATE[HY000]: General error: 1366 Incorrect integer value: '' for column 'offerCount' at row 1 (SQL: insert into `tbl_asins_result` (`url`, `asin`, `fkAsinId`, `c_id`, `capturedAt`, `offerPrice`, `..."
65526,B000N7DAEI,43,"Daily Scraping all ASINs",Daily,"404 Product Not Found"
68136,B07H24GMKS,43,"Daily Scraping all ASINs",Daily,"SQLSTATE[HY000]: General error: 1366 Incorrect integer value: '' for column 'offerCount' at row 1 (SQL: insert into `tbl_asins_result` (`url`, `asin`, `fkAsinId`, `c_id`, `capturedAt`, `offerPrice`, `..."
63784,B000YMHW46,43,"Daily Scraping all ASINs",Daily,"404 Product Not Found"
67708,B07H25BTXH,43,"Daily Scraping all ASINs",Daily,"SQLSTATE[HY000]: General error: 1366 Incorrect integer value: '' for column 'offerCount' at row 1 (SQL: insert into `tbl_asins_result` (`url`, `asin`, `fkAsinId`, `c_id`, `capturedAt`, `offerPrice`, `..."
66393,B00G0PF4GY,43,"Daily Scraping all ASINs",Daily,"404 Product Not Found"
68139,B07H27K2NT,43,"Daily Scraping all ASINs",Daily,"SQLSTATE[HY000]: General error: 1366 Incorrect integer value: '' for column 'offerCount' at row 1 (SQL: insert into `tbl_asins_result` (`url`, `asin`, `fkAsinId`, `c_id`, `capturedAt`, `offerPrice`, `..."
63788,B000YMGNOQ,43,"Daily Scraping all ASINs",Daily,"404 Product Not Found"
63790,B000YMGKPI,43,"Daily Scraping all ASINs",Daily,"404 Product Not Found"
67713,B07HDYZ7N9,43,"Daily Scraping all ASINs",Daily,"SQLSTATE[HY000]: General error: 1366 Incorrect integer value: '' for column 'offerCount' at row 1 (SQL: insert into `tbl_asins_result` (`url`, `asin`, `fkAsinId`, `c_id`, `capturedAt`, `offerPrice`, `..."
63791,B000YMGI0U,43,"Daily Scraping all ASINs",Daily,"404 Product Not Found"
68143,B07H77VL26,43,"Daily Scraping all ASINs",Daily,"SQLSTATE[HY000]: General error: 1366 Incorrect integer value: '' for column 'offerCount' at row 1 (SQL: insert into `tbl_asins_result` (`url`, `asin`, `fkAsinId`, `c_id`, `capturedAt`, `offerPrice`, `..."
67715,B07H2352Y2,43,"Daily Scraping all ASINs",Daily,"SQLSTATE[HY000]: General error: 1366 Incorrect integer value: '' for column 'offerCount' at row 1 (SQL: insert into `tbl_asins_result` (`url`, `asin`, `fkAsinId`, `c_id`, `capturedAt`, `offerPrice`, `..."
63792,B000YMGHTC,43,"Daily Scraping all ASINs",Daily,"404 Product Not Found"
68145,B07H26412C,43,"Daily Scraping all ASINs",Daily,"SQLSTATE[HY000]: General error: 1366 Incorrect integer value: '' for column 'offerCount' at row 1 (SQL: insert into `tbl_asins_result` (`url`, `asin`, `fkAsinId`, `c_id`, `capturedAt`, `offerPrice`, `..."
63794,B000YMGGUM,43,"Daily Scraping all ASINs",Daily,"404 Product Not Found"
68146,B07H24P35P,43,"Daily Scraping all ASINs",Daily,"SQLSTATE[HY000]: General error: 1366 Incorrect integer value: '' for column 'offerCount' at row 1 (SQL: insert into `tbl_asins_result` (`url`, `asin`, `fkAsinId`, `c_id`, `capturedAt`, `offerPrice`, `..."
65539,B00006HU78,43,"Daily Scraping all ASINs",Daily,"404 Product Not Found"
65995,B000067SRH,43,"Daily Scraping all ASINs",Daily,"404 Product Not Found"
63797,B000YMGFLW,43,"Daily Scraping all ASINs",Daily,"404 Product Not Found"
68148,B07H232GX4,43,"Daily Scraping all ASINs",Daily,"SQLSTATE[HY000]: General error: 1366 Incorrect integer value: '' for column 'offerCount' at row 1 (SQL: insert into `tbl_asins_result` (`url`, `asin`, `fkAsinId`, `c_id`, `capturedAt`, `offerPrice`, `..."
67721,B07H259LXL,43,"Daily Scraping all ASINs",Daily,"SQLSTATE[HY000]: General error: 1366 Incorrect integer value: '' for column 'offerCount' at row 1 (SQL: insert into `tbl_asins_result` (`url`, `asin`, `fkAsinId`, `c_id`, `capturedAt`, `offerPrice`, `..."
69034,B013SN57K8,43,"Daily Scraping all ASINs",Daily,"404 Product Not Found"
63801,B000YMGBUW,43,"Daily Scraping all ASINs",Daily,"404 Product Not Found"
65545,B000067SQ9,43,"Daily Scraping all ASINs",Daily,"404 Product Not Found"
67722,B07H75X3FM,43,"Daily Scraping all ASINs",Daily,"SQLSTATE[HY000]: General error: 1366 Incorrect integer value: '' for column 'offerCount' at row 1 (SQL: insert into `tbl_asins_result` (`url`, `asin`, `fkAsinId`, `c_id`, `capturedAt`, `offerPrice`, `..."
63803,B000YMGAZ8,43,"Daily Scraping all ASINs",Daily,"404 Product Not Found"
67724,B07H24LBZY,43,"Daily Scraping all ASINs",Daily,"SQLSTATE[HY000]: General error: 1366 Incorrect integer value: '' for column 'offerCount' at row 1 (SQL: insert into `tbl_asins_result` (`url`, `asin`, `fkAsinId`, `c_id`, `capturedAt`, `offerPrice`, `..."
68151,B07H267RC2,43,"Daily Scraping all ASINs",Daily,"SQLSTATE[HY000]: General error: 1366 Incorrect integer value: '' for column 'offerCount' at row 1 (SQL: insert into `tbl_asins_result` (`url`, `asin`, `fkAsinId`, `c_id`, `capturedAt`, `offerPrice`, `..."
65104,B002M7W2PA,43,"Daily Scraping all ASINs",Daily,"404 Product Not Found"
67726,B07H258J78,43,"Daily Scraping all ASINs",Daily,"SQLSTATE[HY000]: General error: 1366 Incorrect integer value: '' for column 'offerCount' at row 1 (SQL: insert into `tbl_asins_result` (`url`, `asin`, `fkAsinId`, `c_id`, `capturedAt`, `offerPrice`, `..."
69481,B000YMCHHS,43,"Daily Scraping all ASINs",Daily,"404 Product Not Found"
72083,B006HFBX12,43,"Daily Scraping all ASINs",Daily,"404 Product Not Found"
63807,B000YMG1AM,43,"Daily Scraping all ASINs",Daily,"404 Product Not Found"
69482,B000YM8RFE,43,"Daily Scraping all ASINs",Daily,"404 Product Not Found"
67728,B07H25C84P,43,"Daily Scraping all ASINs",Daily,"SQLSTATE[HY000]: General error: 1366 Incorrect integer value: '' for column 'offerCount' at row 1 (SQL: insert into `tbl_asins_result` (`url`, `asin`, `fkAsinId`, `c_id`, `capturedAt`, `offerPrice`, `..."
67729,B07H22S3RX,43,"Daily Scraping all ASINs",Daily,"SQLSTATE[HY000]: General error: 1366 Incorrect integer value: '' for column 'offerCount' at row 1 (SQL: insert into `tbl_asins_result` (`url`, `asin`, `fkAsinId`, `c_id`, `capturedAt`, `offerPrice`, `..."
66008,B000067SR2,43,"Daily Scraping all ASINs",Daily,"404 Product Not Found"
67732,B07H256GDS,43,"Daily Scraping all ASINs",Daily,"SQLSTATE[HY000]: General error: 1366 Incorrect integer value: '' for column 'offerCount' at row 1 (SQL: insert into `tbl_asins_result` (`url`, `asin`, `fkAsinId`, `c_id`, `capturedAt`, `offerPrice`, `..."
63811,B000YMG0FS,43,"Daily Scraping all ASINs",Daily,"404 Product Not Found"
67734,B07H21MR7F,43,"Daily Scraping all ASINs",Daily,"SQLSTATE[HY000]: General error: 1366 Incorrect integer value: '' for column 'offerCount' at row 1 (SQL: insert into `tbl_asins_result` (`url`, `asin`, `fkAsinId`, `c_id`, `capturedAt`, `offerPrice`, `..."
63815,B000YMFYFK,43,"Daily Scraping all ASINs",Daily,"404 Product Not Found"
70336,B00167SNSW,43,"Daily Scraping all ASINs",Daily,"404 Product Not Found"
69047,B00LNXRS2G,43,"Daily Scraping all ASINs",Daily,"404 Product Not Found"
68163,B07H24MSCK,43,"Daily Scraping all ASINs",Daily,"SQLSTATE[HY000]: General error: 1366 Incorrect integer value: '' for column 'offerCount' at row 1 (SQL: insert into `tbl_asins_result` (`url`, `asin`, `fkAsinId`, `c_id`, `capturedAt`, `offerPrice`, `..."
68164,B07H24J445,43,"Daily Scraping all ASINs",Daily,"SQLSTATE[HY000]: General error: 1366 Incorrect integer value: '' for column 'offerCount' at row 1 (SQL: insert into `tbl_asins_result` (`url`, `asin`, `fkAsinId`, `c_id`, `capturedAt`, `offerPrice`, `..."
67736,B07H23HT9Q,43,"Daily Scraping all ASINs",Daily,"SQLSTATE[HY000]: General error: 1366 Incorrect integer value: '' for column 'offerCount' at row 1 (SQL: insert into `tbl_asins_result` (`url`, `asin`, `fkAsinId`, `c_id`, `capturedAt`, `offerPrice`, `..."
63818,B000YMFXBU,43,"Daily Scraping all ASINs",Daily,"404 Product Not Found"
68166,B07H22HTCS,43,"Daily Scraping all ASINs",Daily,"SQLSTATE[HY000]: General error: 1366 Incorrect integer value: '' for column 'offerCount' at row 1 (SQL: insert into `tbl_asins_result` (`url`, `asin`, `fkAsinId`, `c_id`, `capturedAt`, `offerPrice`, `..."
62930,B0010SYBV0,43,"Daily Scraping all ASINs",Daily,"404 Product Not Found"
67740,B07H762SPD,43,"Daily Scraping all ASINs",Daily,"SQLSTATE[HY000]: General error: 1366 Incorrect integer value: '' for column 'offerCount' at row 1 (SQL: insert into `tbl_asins_result` (`url`, `asin`, `fkAsinId`, `c_id`, `capturedAt`, `offerPrice`, `..."
68170,B07H25SGQM,43,"Daily Scraping all ASINs",Daily,"SQLSTATE[HY000]: General error: 1366 Incorrect integer value: '' for column 'offerCount' at row 1 (SQL: insert into `tbl_asins_result` (`url`, `asin`, `fkAsinId`, `c_id`, `capturedAt`, `offerPrice`, `..."
72095,B086JHT878,43,"Daily Scraping all ASINs",Daily,"404 Product Not Found"
67742,B07H24K52W,43,"Daily Scraping all ASINs",Daily,"SQLSTATE[HY000]: General error: 1366 Incorrect integer value: '' for column 'offerCount' at row 1 (SQL: insert into `tbl_asins_result` (`url`, `asin`, `fkAsinId`, `c_id`, `capturedAt`, `offerPrice`, `..."
68171,B07H21DB7W,43,"Daily Scraping all ASINs",Daily,"SQLSTATE[HY000]: General error: 1366 Incorrect integer value: '' for column 'offerCount' at row 1 (SQL: insert into `tbl_asins_result` (`url`, `asin`, `fkAsinId`, `c_id`, `capturedAt`, `offerPrice`, `..."
68172,B07H77FNXY,43,"Daily Scraping all ASINs",Daily,"SQLSTATE[HY000]: General error: 1366 Incorrect integer value: '' for column 'offerCount' at row 1 (SQL: insert into `tbl_asins_result` (`url`, `asin`, `fkAsinId`, `c_id`, `capturedAt`, `offerPrice`, `..."
72096,B085Z83CFV,43,"Daily Scraping all ASINs",Daily,"404 Product Not Found"
72097,B086FMR6HF,43,"Daily Scraping all ASINs",Daily,"404 Product Not Found"
72098,B086H22HM1,43,"Daily Scraping all ASINs",Daily,"404 Product Not Found"
63825,B000YMEU6E,43,"Daily Scraping all ASINs",Daily,"404 Product Not Found"
63826,B000YMETXS,43,"Daily Scraping all ASINs",Daily,"404 Product Not Found"
67746,B07H218XJ1,43,"Daily Scraping all ASINs",Daily,"SQLSTATE[HY000]: General error: 1366 Incorrect integer value: '' for column 'offerCount' at row 1 (SQL: insert into `tbl_asins_result` (`url`, `asin`, `fkAsinId`, `c_id`, `capturedAt`, `offerPrice`, `..."
63829,B000YMESI4,43,"Daily Scraping all ASINs",Daily,"404 Product Not Found"
66434,B0048ELABC,43,"Daily Scraping all ASINs",Daily,"404 Product Not Found"
67748,B07H789L9R,43,"Daily Scraping all ASINs",Daily,"SQLSTATE[HY000]: General error: 1366 Incorrect integer value: '' for column 'offerCount' at row 1 (SQL: insert into `tbl_asins_result` (`url`, `asin`, `fkAsinId`, `c_id`, `capturedAt`, `offerPrice`, `..."
63378,B009AFYOYE,43,"Daily Scraping all ASINs",Daily,"404 Product Not Found"
63830,B000YMERG2,43,"Daily Scraping all ASINs",Daily,"404 Product Not Found"
63831,B000YMENWU,43,"Daily Scraping all ASINs",Daily,"404 Product Not Found"
63832,B000YMENCU,43,"Daily Scraping all ASINs",Daily,"404 Product Not Found"
63833,B000YMEKR8,43,"Daily Scraping all ASINs",Daily,"404 Product Not Found"
69068,B003M389WI,43,"Daily Scraping all ASINs",Daily,"404 Product Not Found"
68183,B07H24GTC6,43,"Daily Scraping all ASINs",Daily,"SQLSTATE[HY000]: General error: 1366 Incorrect integer value: '' for column 'offerCount' at row 1 (SQL: insert into `tbl_asins_result` (`url`, `asin`, `fkAsinId`, `c_id`, `capturedAt`, `offerPrice`, `..."
67753,B07H23WJ4X,43,"Daily Scraping all ASINs",Daily,"SQLSTATE[HY000]: General error: 1366 Incorrect integer value: '' for column 'offerCount' at row 1 (SQL: insert into `tbl_asins_result` (`url`, `asin`, `fkAsinId`, `c_id`, `capturedAt`, `offerPrice`, `..."
63835,B000YMEKKA,43,"Daily Scraping all ASINs",Daily,"404 Product Not Found"
62947,B00EPWAGXA,43,"Daily Scraping all ASINs",Daily,"404 Product Not Found"
63837,B000YMEKF0,43,"Daily Scraping all ASINs",Daily,"404 Product Not Found"
67755,B07H2194PN,43,"Daily Scraping all ASINs",Daily,"SQLSTATE[HY000]: General error: 1366 Incorrect integer value: '' for column 'offerCount' at row 1 (SQL: insert into `tbl_asins_result` (`url`, `asin`, `fkAsinId`, `c_id`, `capturedAt`, `offerPrice`, `..."
63838,B000YMEJYW,43,"Daily Scraping all ASINs",Daily,"404 Product Not Found"
69509,B004I6Q5WE,43,"Daily Scraping all ASINs",Daily,"404 Product Not Found"
67758,B07H2195VQ,43,"Daily Scraping all ASINs",Daily,"SQLSTATE[HY000]: General error: 1366 Incorrect integer value: '' for column 'offerCount' at row 1 (SQL: insert into `tbl_asins_result` (`url`, `asin`, `fkAsinId`, `c_id`, `capturedAt`, `offerPrice`, `..."
63389,B007W574SC,43,"Daily Scraping all ASINs",Daily,"404 Product Not Found"
67763,B07H275DDK,43,"Daily Scraping all ASINs",Daily,"SQLSTATE[HY000]: General error: 1366 Incorrect integer value: '' for column 'offerCount' at row 1 (SQL: insert into `tbl_asins_result` (`url`, `asin`, `fkAsinId`, `c_id`, `capturedAt`, `offerPrice`, `..."
63848,B000YME8Z2,43,"Daily Scraping all ASINs",Daily,"404 Product Not Found"
63850,B000YME83Y,43,"Daily Scraping all ASINs",Daily,"404 Product Not Found"
67766,B07H27HQQ9,43,"Daily Scraping all ASINs",Daily,"SQLSTATE[HY000]: General error: 1366 Incorrect integer value: '' for column 'offerCount' at row 1 (SQL: insert into `tbl_asins_result` (`url`, `asin`, `fkAsinId`, `c_id`, `capturedAt`, `offerPrice`, `..."
63852,B000YME7Q2,43,"Daily Scraping all ASINs",Daily,"404 Product Not Found"
62515,B01D3K4GM6,43,"Daily Scraping all ASINs",Daily,"404 Product Not Found"
63856,B000YME7A8,43,"Daily Scraping all ASINs",Daily,"404 Product Not Found"
63405,B005H3PK0U,43,"Daily Scraping all ASINs",Daily,"404 Product Not Found"
62520,B01D3K3KH8,43,"Daily Scraping all ASINs",Daily,"404 Product Not Found"
63406,B005H3PJXS,43,"Daily Scraping all ASINs",Daily,"404 Product Not Found"
69522,B000XB2YYG,43,"Daily Scraping all ASINs",Daily,"404 Product Not Found"
63860,B000YME6EA,43,"Daily Scraping all ASINs",Daily,"404 Product Not Found"
69524,B00171718U,43,"Daily Scraping all ASINs",Daily,"404 Product Not Found"
64710,B00CI38ZA4,43,"Daily Scraping all ASINs",Daily,"404 Product Not Found"
67775,B07H26TNJC,43,"Daily Scraping all ASINs",Daily,"SQLSTATE[HY000]: General error: 1366 Incorrect integer value: '' for column 'offerCount' at row 1 (SQL: insert into `tbl_asins_result` (`url`, `asin`, `fkAsinId`, `c_id`, `capturedAt`, `offerPrice`, `..."
70808,B015UVBQGU,43,"Daily Scraping all ASINs",Daily,"404 Product Not Found"
67776,B07H26B7RT,43,"Daily Scraping all ASINs",Daily,"SQLSTATE[HY000]: General error: 1366 Incorrect integer value: '' for column 'offerCount' at row 1 (SQL: insert into `tbl_asins_result` (`url`, `asin`, `fkAsinId`, `c_id`, `capturedAt`, `offerPrice`, `..."
63863,B000YME57S,43,"Daily Scraping all ASINs",Daily,"404 Product Not Found"
62088,B009NKRTWK,43,"Daily Scraping all ASINs",Daily,"404 Product Not Found"
67779,B07H232WW3,43,"Daily Scraping all ASINs",Daily,"SQLSTATE[HY000]: General error: 1366 Incorrect integer value: '' for column 'offerCount' at row 1 (SQL: insert into `tbl_asins_result` (`url`, `asin`, `fkAsinId`, `c_id`, `capturedAt`, `offerPrice`, `..."
67781,B07H24NZLN,43,"Daily Scraping all ASINs",Daily,"SQLSTATE[HY000]: General error: 1366 Incorrect integer value: '' for column 'offerCount' at row 1 (SQL: insert into `tbl_asins_result` (`url`, `asin`, `fkAsinId`, `c_id`, `capturedAt`, `offerPrice`, `..."
63417,B005H3PJ0G,43,"Daily Scraping all ASINs",Daily,"404 Product Not Found"
63868,B000YME4EW,43,"Daily Scraping all ASINs",Daily,"404 Product Not Found"
66069,B000WTI42K,43,"Daily Scraping all ASINs",Daily,"404 Product Not Found"
63870,B000YME3VG,43,"Daily Scraping all ASINs",Daily,"404 Product Not Found"
69099,B00MRWRXNG,43,"Daily Scraping all ASINs",Daily,"404 Product Not Found"
67785,B07H253HRT,43,"Daily Scraping all ASINs",Daily,"SQLSTATE[HY000]: General error: 1366 Incorrect integer value: '' for column 'offerCount' at row 1 (SQL: insert into `tbl_asins_result` (`url`, `asin`, `fkAsinId`, `c_id`, `capturedAt`, `offerPrice`, `..."
63872,B000YMD2ZE,43,"Daily Scraping all ASINs",Daily,"404 Product Not Found"
70819,B00T0VX2N2,43,"Daily Scraping all ASINs",Daily,"404 Product Not Found"
63873,B000YMD2SQ,43,"Daily Scraping all ASINs",Daily,"404 Product Not Found"
70820,B00T0VQWEI,43,"Daily Scraping all ASINs",Daily,"404 Product Not Found"
63874,B000YMD16O,43,"Daily Scraping all ASINs",Daily,"404 Product Not Found"
70821,B00UK8DZ5Y,43,"Daily Scraping all ASINs",Daily,"404 Product Not Found"
68218,B087RHTLZH,43,"Daily Scraping all ASINs",Daily,"404 Product Not Found"
70822,B00UK6VD50,43,"Daily Scraping all ASINs",Daily,"404 Product Not Found"
63876,B000YMD042,43,"Daily Scraping all ASINs",Daily,"404 Product Not Found"
69540,B001EPQ2QG,43,"Daily Scraping all ASINs",Daily,"404 Product Not Found"
67790,B07H275P8Z,43,"Daily Scraping all ASINs",Daily,"SQLSTATE[HY000]: General error: 1366 Incorrect integer value: '' for column 'offerCount' at row 1 (SQL: insert into `tbl_asins_result` (`url`, `asin`, `fkAsinId`, `c_id`, `capturedAt`, `offerPrice`, `..."
69541,B001GCU4JI,43,"Daily Scraping all ASINs",Daily,"404 Product Not Found"
68221,B08889PD1D,43,"Daily Scraping all ASINs",Daily,"404 Product Not Found"
62984,B006TIQ6A0,43,"Daily Scraping all ASINs",Daily,"404 Product Not Found"
63879,B000YMCZBG,43,"Daily Scraping all ASINs",Daily,"404 Product Not Found"
70826,B07KX49GWZ,43,"Daily Scraping all ASINs",Daily,"404 Product Not Found"
65628,B0002LK8CW,43,"Daily Scraping all ASINs",Daily,"404 Product Not Found"
63884,B000YMCROG,43,"Daily Scraping all ASINs",Daily,"404 Product Not Found"
63433,B004G5JBL4,43,"Daily Scraping all ASINs",Daily,"404 Product Not Found"
63888,B000YMCPQ6,43,"Daily Scraping all ASINs",Daily,"404 Product Not Found"
70831,B01F9FPJZ6,43,"Daily Scraping all ASINs",Daily,"404 Product Not Found"
63889,B000YMCHGE,43,"Daily Scraping all ASINs",Daily,"404 Product Not Found"
67798,B07H23S74V,43,"Daily Scraping all ASINs",Daily,"SQLSTATE[HY000]: General error: 1366 Incorrect integer value: '' for column 'offerCount' at row 1 (SQL: insert into `tbl_asins_result` (`url`, `asin`, `fkAsinId`, `c_id`, `capturedAt`, `offerPrice`, `..."
63891,B000YMCGOW,43,"Daily Scraping all ASINs",Daily,"404 Product Not Found"
66088,B00005BHWE,43,"Daily Scraping all ASINs",Daily,"404 Product Not Found"
63893,B000YMCFLQ,43,"Daily Scraping all ASINs",Daily,"404 Product Not Found"
67802,B07H22Z5SN,43,"Daily Scraping all ASINs",Daily,"SQLSTATE[HY000]: General error: 1366 Incorrect integer value: '' for column 'offerCount' at row 1 (SQL: insert into `tbl_asins_result` (`url`, `asin`, `fkAsinId`, `c_id`, `capturedAt`, `offerPrice`, `..."
63896,B000YMCEJE,43,"Daily Scraping all ASINs",Daily,"404 Product Not Found"
71715,B00PFEFE3O,43,"Daily Scraping all ASINs",Daily,"404 Product Not Found"
70838,B01CF1DLV6,43,"Daily Scraping all ASINs",Daily,"404 Product Not Found"
67804,B07H23R7W4,43,"Daily Scraping all ASINs",Daily,"SQLSTATE[HY000]: General error: 1366 Incorrect integer value: '' for column 'offerCount' at row 1 (SQL: insert into `tbl_asins_result` (`url`, `asin`, `fkAsinId`, `c_id`, `capturedAt`, `offerPrice`, `..."
63900,B000YMCD7M,43,"Daily Scraping all ASINs",Daily,"404 Product Not Found"
70841,B0019AA87K,43,"Daily Scraping all ASINs",Daily,"404 Product Not Found"
68239,B087QS7TT2,43,"Daily Scraping all ASINs",Daily,"404 Product Not Found"
63902,B000YMCCNW,43,"Daily Scraping all ASINs",Daily,"404 Product Not Found"
67809,B07H2599WK,43,"Daily Scraping all ASINs",Daily,"SQLSTATE[HY000]: General error: 1366 Incorrect integer value: '' for column 'offerCount' at row 1 (SQL: insert into `tbl_asins_result` (`url`, `asin`, `fkAsinId`, `c_id`, `capturedAt`, `offerPrice`, `..."
69564,B000YMFX9C,43,"Daily Scraping all ASINs",Daily,"404 Product Not Found"
63908,B000YMB7S8,43,"Daily Scraping all ASINs",Daily,"404 Product Not Found"
63909,B000YMB6NO,43,"Daily Scraping all ASINs",Daily,"404 Product Not Found"
67812,B07H23SXQL,43,"Daily Scraping all ASINs",Daily,"SQLSTATE[HY000]: General error: 1366 Incorrect integer value: '' for column 'offerCount' at row 1 (SQL: insert into `tbl_asins_result` (`url`, `asin`, `fkAsinId`, `c_id`, `capturedAt`, `offerPrice`, `..."
69991,B06WGRN78L,43,"Daily Scraping all ASINs",Daily,"404 Product Not Found"
69993,B00M0RR2DO,43,"Daily Scraping all ASINs",Daily,"404 Product Not Found"
70849,B01LW88MVG,43,"Daily Scraping all ASINs",Daily,"404 Product Not Found"
72165,B086KWKPQM,43,"Daily Scraping all ASINs",Daily,"404 Product Not Found"
72167,B086KXQ2Y6,43,"Daily Scraping all ASINs",Daily,"404 Product Not Found"
69997,B000141MAW,43,"Daily Scraping all ASINs",Daily,"404 Product Not Found"
72168,B086K6FWN5,43,"Daily Scraping all ASINs",Daily,"404 Product Not Found"
68255,NA,43,"Daily Scraping all ASINs",Daily,"404 Product Not Found"
72169,B086K52TDT,43,"Daily Scraping all ASINs",Daily,"404 Product Not Found"
72170,B086KT21FC,43,"Daily Scraping all ASINs",Daily,"404 Product Not Found"
70854,B000Z70WTC,43,"Daily Scraping all ASINs",Daily,"404 Product Not Found"
72171,B086KW4FRN,43,"Daily Scraping all ASINs",Daily,"404 Product Not Found"
63918,B000YMAY1E,43,"Daily Scraping all ASINs",Daily,"404 Product Not Found"
70856,B00KJS0RMO,43,"Daily Scraping all ASINs",Daily,"404 Product Not Found"
72172,B086KTHGSV,43,"Daily Scraping all ASINs",Daily,"404 Product Not Found"
63921,B000YMAPCW,43,"Daily Scraping all ASINs",Daily,"404 Product Not Found"
63013,B0033UJ4FG,43,"Daily Scraping all ASINs",Daily,"404 Product Not Found"
70858,B00OVQPYZU,43,"Daily Scraping all ASINs",Daily,"404 Product Not Found"
63922,B000YMAPBI,43,"Daily Scraping all ASINs",Daily,"404 Product Not Found"
72174,B086K5LD6Q,43,"Daily Scraping all ASINs",Daily,"404 Product Not Found"
66938,B07WDNL43B,43,"Daily Scraping all ASINs",Daily,"404 Product Not Found"
67823,B07H25BJ43,43,"Daily Scraping all ASINs",Daily,"SQLSTATE[HY000]: General error: 1366 Incorrect integer value: '' for column 'offerCount' at row 1 (SQL: insert into `tbl_asins_result` (`url`, `asin`, `fkAsinId`, `c_id`, `capturedAt`, `offerPrice`, `..."
64300,B074JK3XHC,43,"Daily Scraping all ASINs",Daily,"404 Product Not Found"
65208,B001CY0EOU,43,"Daily Scraping all ASINs",Daily,"404 Product Not Found"
70863,B000YM8VU0,43,"Daily Scraping all ASINs",Daily,"404 Product Not Found"
62577,B01D3K4GN0,43,"Daily Scraping all ASINs",Daily,"404 Product Not Found"
63930,B000YMANUG,43,"Daily Scraping all ASINs",Daily,"404 Product Not Found"
70865,B001AVNEQA,43,"Daily Scraping all ASINs",Daily,"404 Product Not Found"
70010,B0075CIYFY,43,"Daily Scraping all ASINs",Daily,"404 Product Not Found"
70866,B003E133M4,43,"Daily Scraping all ASINs",Daily,"404 Product Not Found"
67828,B07H258J77,43,"Daily Scraping all ASINs",Daily,"SQLSTATE[HY000]: General error: 1366 Incorrect integer value: '' for column 'offerCount' at row 1 (SQL: insert into `tbl_asins_result` (`url`, `asin`, `fkAsinId`, `c_id`, `capturedAt`, `offerPrice`, `..."
70011,B0039NUHDK,43,"Daily Scraping all ASINs",Daily,"404 Product Not Found"
72180,B086KXG4P3,43,"Daily Scraping all ASINs",Daily,"404 Product Not Found"
66124,B000052WLQ,43,"Daily Scraping all ASINs",Daily,"SQLSTATE[HY000]: General error: 1366 Incorrect integer value: '' for column 'offerCount' at row 1 (SQL: insert into `tbl_asins_result` (`url`, `asin`, `fkAsinId`, `c_id`, `capturedAt`, `offerPrice`, `..."
63933,B000YMAMXO,43,"Daily Scraping all ASINs",Daily,"404 Product Not Found"
63934,B000YMAMNE,43,"Daily Scraping all ASINs",Daily,"404 Product Not Found"
63473,B000YMCFES,43,"Daily Scraping all ASINs",Daily,"404 Product Not Found"
67831,B07H218TVM,43,"Daily Scraping all ASINs",Daily,"SQLSTATE[HY000]: General error: 1366 Incorrect integer value: '' for column 'offerCount' at row 1 (SQL: insert into `tbl_asins_result` (`url`, `asin`, `fkAsinId`, `c_id`, `capturedAt`, `offerPrice`, `..."
66129,B00004Z82W,43,"Daily Scraping all ASINs",Daily,"404 Product Not Found"
67832,B07H241NN4,43,"Daily Scraping all ASINs",Daily,"SQLSTATE[HY000]: General error: 1366 Incorrect integer value: '' for column 'offerCount' at row 1 (SQL: insert into `tbl_asins_result` (`url`, `asin`, `fkAsinId`, `c_id`, `capturedAt`, `offerPrice`, `..."
67833,B07H77FRVH,43,"Daily Scraping all ASINs",Daily,"SQLSTATE[HY000]: General error: 1366 Incorrect integer value: '' for column 'offerCount' at row 1 (SQL: insert into `tbl_asins_result` (`url`, `asin`, `fkAsinId`, `c_id`, `capturedAt`, `offerPrice`, `..."
63477,B002RN0HD8,43,"Daily Scraping all ASINs",Daily,"404 Product Not Found"
63939,B000YMAKGS,43,"Daily Scraping all ASINs",Daily,"404 Product Not Found"
63941,B000YMAJWS,43,"Daily Scraping all ASINs",Daily,"404 Product Not Found"
72191,B087D7P9HG,43,"Daily Scraping all ASINs",Daily,"404 Product Not Found"
67841,B07H24BC76,43,"Daily Scraping all ASINs",Daily,"SQLSTATE[HY000]: General error: 1366 Incorrect integer value: '' for column 'offerCount' at row 1 (SQL: insert into `tbl_asins_result` (`url`, `asin`, `fkAsinId`, `c_id`, `capturedAt`, `offerPrice`, `..."
72192,B087J7627Q,43,"Daily Scraping all ASINs",Daily,"404 Product Not Found"
63948,B000YM965O,43,"Daily Scraping all ASINs",Daily,"404 Product Not Found"
63949,B000YM94T2,43,"Daily Scraping all ASINs",Daily,"404 Product Not Found"
65690,B0007P4IQK,43,"Daily Scraping all ASINs",Daily,"404 Product Not Found"
71756,B00E1T8OIG,43,"Daily Scraping all ASINs",Daily,"404 Product Not Found"
63950,B000YM94CE,43,"Daily Scraping all ASINs",Daily,"404 Product Not Found"
67846,B07H266XCD,43,"Daily Scraping all ASINs",Daily,"SQLSTATE[HY000]: General error: 1366 Incorrect integer value: '' for column 'offerCount' at row 1 (SQL: insert into `tbl_asins_result` (`url`, `asin`, `fkAsinId`, `c_id`, `capturedAt`, `offerPrice`, `..."
63953,B000YM92N0,43,"Daily Scraping all ASINs",Daily,"404 Product Not Found"
63954,B000YM92IA,43,"Daily Scraping all ASINs",Daily,"404 Product Not Found"
65692,B0007P4G4O,43,"Daily Scraping all ASINs",Daily,"404 Product Not Found"
65693,B0007P4F90,43,"Daily Scraping all ASINs",Daily,"404 Product Not Found"
67848,B07H26ZWM1,43,"Daily Scraping all ASINs",Daily,"SQLSTATE[HY000]: General error: 1366 Incorrect integer value: '' for column 'offerCount' at row 1 (SQL: insert into `tbl_asins_result` (`url`, `asin`, `fkAsinId`, `c_id`, `capturedAt`, `offerPrice`, `..."
63957,B000YM91LI,43,"Daily Scraping all ASINs",Daily,"404 Product Not Found"
71761,B000FCIMUI,43,"Daily Scraping all ASINs",Daily,"404 Product Not Found"
67851,B07H24BLYJ,43,"Daily Scraping all ASINs",Daily,"SQLSTATE[HY000]: General error: 1366 Incorrect integer value: '' for column 'offerCount' at row 1 (SQL: insert into `tbl_asins_result` (`url`, `asin`, `fkAsinId`, `c_id`, `capturedAt`, `offerPrice`, `..."
66969,B07HDZ7Y66,43,"Daily Scraping all ASINs",Daily,"SQLSTATE[HY000]: General error: 1366 Incorrect integer value: '' for column 'offerCount' at row 1 (SQL: insert into `tbl_asins_result` (`url`, `asin`, `fkAsinId`, `c_id`, `capturedAt`, `offerPrice`, `..."
63960,B000YM8R7W,43,"Daily Scraping all ASINs",Daily,"404 Product Not Found"
63964,B000YM8PWE,43,"Daily Scraping all ASINs",Daily,"404 Product Not Found"
67856,B07H76VYCS,43,"Daily Scraping all ASINs",Daily,"SQLSTATE[HY000]: General error: 1366 Incorrect integer value: '' for column 'offerCount' at row 1 (SQL: insert into `tbl_asins_result` (`url`, `asin`, `fkAsinId`, `c_id`, `capturedAt`, `offerPrice`, `..."
63967,B000YM8OXE,43,"Daily Scraping all ASINs",Daily,"404 Product Not Found"
72206,B01C0ES9CO,43,"Daily Scraping all ASINs",Daily,"404 Product Not Found"
67858,B07H25CYQG,43,"Daily Scraping all ASINs",Daily,"SQLSTATE[HY000]: General error: 1366 Incorrect integer value: '' for column 'offerCount' at row 1 (SQL: insert into `tbl_asins_result` (`url`, `asin`, `fkAsinId`, `c_id`, `capturedAt`, `offerPrice`, `..."
63968,B000YM8OVG,43,"Daily Scraping all ASINs",Daily,"404 Product Not Found"
69614,B000GAXB6Y,43,"Daily Scraping all ASINs",Daily,"404 Product Not Found"
63502,B0042SFAPQ,43,"Daily Scraping all ASINs",Daily,"404 Product Not Found"
66161,B00004Z5O5,43,"Daily Scraping all ASINs",Daily,"404 Product Not Found"
63970,B000YM8O3E,43,"Daily Scraping all ASINs",Daily,"404 Product Not Found"
63504,B0042SF7UY,43,"Daily Scraping all ASINs",Daily,"404 Product Not Found"
66162,B00004Z5O4,43,"Daily Scraping all ASINs",Daily,"404 Product Not Found"
63505,B0042SE4AI,43,"Daily Scraping all ASINs",Daily,"404 Product Not Found"
63971,B000YM8NQW,43,"Daily Scraping all ASINs",Daily,"404 Product Not Found"
69184,B00EW04JRE,43,"Daily Scraping all ASINs",Daily,"404 Product Not Found"
63973,B000YM8NFS,43,"Daily Scraping all ASINs",Daily,"404 Product Not Found"
67863,B07H261K93,43,"Daily Scraping all ASINs",Daily,"SQLSTATE[HY000]: General error: 1366 Incorrect integer value: '' for column 'offerCount' at row 1 (SQL: insert into `tbl_asins_result` (`url`, `asin`, `fkAsinId`, `c_id`, `capturedAt`, `offerPrice`, `..."
67864,B07H26ZLYD,43,"Daily Scraping all ASINs",Daily,"SQLSTATE[HY000]: General error: 1366 Incorrect integer value: '' for column 'offerCount' at row 1 (SQL: insert into `tbl_asins_result` (`url`, `asin`, `fkAsinId`, `c_id`, `capturedAt`, `offerPrice`, `..."
72211,B086HQWRWS,43,"Daily Scraping all ASINs",Daily,"404 Product Not Found"
72212,B087Z8W16S,43,"Daily Scraping all ASINs",Daily,"404 Product Not Found"
67865,B07H25JR9K,43,"Daily Scraping all ASINs",Daily,"SQLSTATE[HY000]: General error: 1366 Incorrect integer value: '' for column 'offerCount' at row 1 (SQL: insert into `tbl_asins_result` (`url`, `asin`, `fkAsinId`, `c_id`, `capturedAt`, `offerPrice`, `..."
66982,B07HQJP5BQ,43,"Daily Scraping all ASINs",Daily,"SQLSTATE[HY000]: General error: 1366 Incorrect integer value: '' for column 'offerCount' at row 1 (SQL: insert into `tbl_asins_result` (`url`, `asin`, `fkAsinId`, `c_id`, `capturedAt`, `offerPrice`, `..."
67868,B07H2454V4,43,"Daily Scraping all ASINs",Daily,"SQLSTATE[HY000]: General error: 1366 Incorrect integer value: '' for column 'offerCount' at row 1 (SQL: insert into `tbl_asins_result` (`url`, `asin`, `fkAsinId`, `c_id`, `capturedAt`, `offerPrice`, `..."
67871,B07H24S8HG,43,"Daily Scraping all ASINs",Daily,"SQLSTATE[HY000]: General error: 1366 Incorrect integer value: '' for column 'offerCount' at row 1 (SQL: insert into `tbl_asins_result` (`url`, `asin`, `fkAsinId`, `c_id`, `capturedAt`, `offerPrice`, `..."
72216,B0885FVSF9,43,"Daily Scraping all ASINs",Daily,"404 Product Not Found"
66988,B07HDYRM9B,43,"Daily Scraping all ASINs",Daily,"SQLSTATE[HY000]: General error: 1366 Incorrect integer value: '' for column 'offerCount' at row 1 (SQL: insert into `tbl_asins_result` (`url`, `asin`, `fkAsinId`, `c_id`, `capturedAt`, `offerPrice`, `..."
63984,B0006M5908,43,"Daily Scraping all ASINs",Daily,"404 Product Not Found"
65729,B00006B8J1,43,"Daily Scraping all ASINs",Daily,"404 Product Not Found"
63061,B00E8JU84W,43,"Daily Scraping all ASINs",Daily,"404 Product Not Found"
63989,B00005351A,43,"Daily Scraping all ASINs",Daily,"404 Product Not Found"
67877,B07H27NWKC,43,"Daily Scraping all ASINs",Daily,"SQLSTATE[HY000]: General error: 1366 Incorrect integer value: '' for column 'offerCount' at row 1 (SQL: insert into `tbl_asins_result` (`url`, `asin`, `fkAsinId`, `c_id`, `capturedAt`, `offerPrice`, `..."
66180,B00004Z59Z,43,"Daily Scraping all ASINs",Daily,"404 Product Not Found"
63066,B00E8JU0TK,43,"Daily Scraping all ASINs",Daily,"404 Product Not Found"
67881,B07H74JYXF,43,"Daily Scraping all ASINs",Daily,"SQLSTATE[HY000]: General error: 1366 Incorrect integer value: '' for column 'offerCount' at row 1 (SQL: insert into `tbl_asins_result` (`url`, `asin`, `fkAsinId`, `c_id`, `capturedAt`, `offerPrice`, `..."
67886,B07H26FPZ1,43,"Daily Scraping all ASINs",Daily,"SQLSTATE[HY000]: General error: 1366 Incorrect integer value: '' for column 'offerCount' at row 1 (SQL: insert into `tbl_asins_result` (`url`, `asin`, `fkAsinId`, `c_id`, `capturedAt`, `offerPrice`, `..."
64831,B007VP8UWC,43,"Daily Scraping all ASINs",Daily,"404 Product Not Found"
64832,B007VP8UN6,43,"Daily Scraping all ASINs",Daily,"404 Product Not Found"
65753,B00012IIVA,43,"Daily Scraping all ASINs",Daily,"404 Product Not Found"
67007,B07HDYP61C,43,"Daily Scraping all ASINs",Daily,"SQLSTATE[HY000]: General error: 1366 Incorrect integer value: '' for column 'offerCount' at row 1 (SQL: insert into `tbl_asins_result` (`url`, `asin`, `fkAsinId`, `c_id`, `capturedAt`, `offerPrice`, `..."
67010,B07H28CBHJ,43,"Daily Scraping all ASINs",Daily,"SQLSTATE[HY000]: General error: 1366 Incorrect integer value: '' for column 'offerCount' at row 1 (SQL: insert into `tbl_asins_result` (`url`, `asin`, `fkAsinId`, `c_id`, `capturedAt`, `offerPrice`, `..."
67013,B07H2BRG2N,43,"Daily Scraping all ASINs",Daily,"SQLSTATE[HY000]: General error: 1366 Incorrect integer value: '' for column 'offerCount' at row 1 (SQL: insert into `tbl_asins_result` (`url`, `asin`, `fkAsinId`, `c_id`, `capturedAt`, `offerPrice`, `..."
66580,B00NF40TYA,43,"Daily Scraping all ASINs",Daily,"404 Product Not Found"
65770,B0000AKABQ,43,"Daily Scraping all ASINs",Daily,"404 Product Not Found"
65771,B0000AEGBE,43,"Daily Scraping all ASINs",Daily,"404 Product Not Found"
70490,B00LXAWP6S,43,"Daily Scraping all ASINs",Daily,"404 Product Not Found"
69681,B000Y2VKTY,43,"Daily Scraping all ASINs",Daily,"404 Product Not Found"
62672,B017LY3JVE,43,"Daily Scraping all ASINs",Daily,"404 Product Not Found"
62674,B017LY3HL6,43,"Daily Scraping all ASINs",Daily,"404 Product Not Found"
69688,B0027CTFBO,43,"Daily Scraping all ASINs",Daily,"404 Product Not Found"
65317,B0006HXL6M,43,"Daily Scraping all ASINs",Daily,"404 Product Not Found"
62681,B017LY38ZQ,43,"Daily Scraping all ASINs",Daily,"404 Product Not Found"
62682,B017LY37WK,43,"Daily Scraping all ASINs",Daily,"404 Product Not Found"
63576,B01444NVDU,43,"Daily Scraping all ASINs",Daily,"404 Product Not Found"
63576,B01444NVDU,43,"Daily Scraping all ASINs",Daily,"404 Product Not Found"
64408,B014REAF1I,43,"Daily Scraping all ASINs",Daily,"404 Product Not Found"
63133,B00E8JQMU6,43,"Daily Scraping all ASINs",Daily,"404 Product Not Found"
69267,B0074UIIM6,43,"Daily Scraping all ASINs",Daily,"404 Product Not Found"
62689,B017LW4TZ6,43,"Daily Scraping all ASINs",Daily,"404 Product Not Found"
62694,B017LW4LTK,43,"Daily Scraping all ASINs",Daily,"404 Product Not Found"
62695,B017LW4INO,43,"Daily Scraping all ASINs",Daily,"404 Product Not Found"
69276,B002P5GZ5M,43,"Daily Scraping all ASINs",Daily,"404 Product Not Found"
69277,B002P555MQ,43,"Daily Scraping all ASINs",Daily,"404 Product Not Found"
62697,B017LW4F50,43,"Daily Scraping all ASINs",Daily,"404 Product Not Found"
62698,B017LW4DSY,43,"Daily Scraping all ASINs",Daily,"404 Product Not Found"
62699,B017LW4BWC,43,"Daily Scraping all ASINs",Daily,"404 Product Not Found"
66270,B07WQXBN32,43,"Daily Scraping all ASINs",Daily,"404 Product Not Found"
63590,B001PLRQ1O,43,"Daily Scraping all ASINs",Daily,"404 Product Not Found"
69704,B001CDEU9Q,43,"Daily Scraping all ASINs",Daily,"404 Product Not Found"
66271,B07WQXBMTT,43,"Daily Scraping all ASINs",Daily,"404 Product Not Found"
63591,B001PLMSWG,43,"Daily Scraping all ASINs",Daily,"404 Product Not Found"
66272,B07WH2FW1Y,43,"Daily Scraping all ASINs",Daily,"404 Product Not Found"
69706,B0013CENX4,43,"Daily Scraping all ASINs",Daily,"404 Product Not Found"
66273,B07V7M5S3D,43,"Daily Scraping all ASINs",Daily,"404 Product Not Found"
69707,B000IXVC92,43,"Daily Scraping all ASINs",Daily,"404 Product Not Found"
62703,B017LW45QY,43,"Daily Scraping all ASINs",Daily,"404 Product Not Found"
66275,B07V5HMQ2R,43,"Daily Scraping all ASINs",Daily,"404 Product Not Found"
67067,B07H27Z1HH,43,"Daily Scraping all ASINs",Daily,"SQLSTATE[HY000]: General error: 1366 Incorrect integer value: '' for column 'offerCount' at row 1 (SQL: insert into `tbl_asins_result` (`url`, `asin`, `fkAsinId`, `c_id`, `capturedAt`, `offerPrice`, `..."
65338,B000J09CPK,43,"Daily Scraping all ASINs",Daily,"404 Product Not Found"
62704,B017LW447Y,43,"Daily Scraping all ASINs",Daily,"404 Product Not Found"
66276,B07V4F1Y1J,43,"Daily Scraping all ASINs",Daily,"404 Product Not Found"
66277,B07V4F1XZF,43,"Daily Scraping all ASINs",Daily,"404 Product Not Found"
66278,B019C8QHE8,43,"Daily Scraping all ASINs",Daily,"404 Product Not Found"
66279,B00BK8RRHK,43,"Daily Scraping all ASINs",Daily,"404 Product Not Found"
69715,B0007V8C7U,43,"Daily Scraping all ASINs",Daily,"404 Product Not Found"
66280,B00BK8RND8,43,"Daily Scraping all ASINs",Daily,"404 Product Not Found"
67071,B07H27LRR4,43,"Daily Scraping all ASINs",Daily,"SQLSTATE[HY000]: General error: 1366 Incorrect integer value: '' for column 'offerCount' at row 1 (SQL: insert into `tbl_asins_result` (`url`, `asin`, `fkAsinId`, `c_id`, `capturedAt`, `offerPrice`, `..."
66281,B00BFY9XJ4,43,"Daily Scraping all ASINs",Daily,"404 Product Not Found"
67073,B07H266GP8,43,"Daily Scraping all ASINs",Daily,"SQLSTATE[HY000]: General error: 1366 Incorrect integer value: '' for column 'offerCount' at row 1 (SQL: insert into `tbl_asins_result` (`url`, `asin`, `fkAsinId`, `c_id`, `capturedAt`, `offerPrice`, `..."
66283,B00BFHJTT0,43,"Daily Scraping all ASINs",Daily,"404 Product Not Found"
67075,B07H24C4X3,43,"Daily Scraping all ASINs",Daily,"SQLSTATE[HY000]: General error: 1366 Incorrect integer value: '' for column 'offerCount' at row 1 (SQL: insert into `tbl_asins_result` (`url`, `asin`, `fkAsinId`, `c_id`, `capturedAt`, `offerPrice`, `..."
66284,B001BTWIGI,43,"Daily Scraping all ASINs",Daily,"404 Product Not Found"
62714,B0159PS8AE,43,"Daily Scraping all ASINs",Daily,"404 Product Not Found"
67076,B07H2766Y7,43,"Daily Scraping all ASINs",Daily,"SQLSTATE[HY000]: General error: 1366 Incorrect integer value: '' for column 'offerCount' at row 1 (SQL: insert into `tbl_asins_result` (`url`, `asin`, `fkAsinId`, `c_id`, `capturedAt`, `offerPrice`, `..."
65351,B00006IC70,43,"Daily Scraping all ASINs",Daily,"404 Product Not Found"
65836,B00008UAIS,43,"Daily Scraping all ASINs",Daily,"404 Product Not Found"
63163,B00E8JP5UO,43,"Daily Scraping all ASINs",Daily,"404 Product Not Found"
62719,B0159PS0XO,43,"Daily Scraping all ASINs",Daily,"404 Product Not Found"
67082,B07H275NDT,43,"Daily Scraping all ASINs",Daily,"SQLSTATE[HY000]: General error: 1366 Incorrect integer value: '' for column 'offerCount' at row 1 (SQL: insert into `tbl_asins_result` (`url`, `asin`, `fkAsinId`, `c_id`, `capturedAt`, `offerPrice`, `..."
67972,B07H271TFY,43,"Daily Scraping all ASINs",Daily,"SQLSTATE[HY000]: General error: 1366 Incorrect integer value: '' for column 'offerCount' at row 1 (SQL: insert into `tbl_asins_result` (`url`, `asin`, `fkAsinId`, `c_id`, `capturedAt`, `offerPrice`, `..."
67085,B07H272Z5L,43,"Daily Scraping all ASINs",Daily,"SQLSTATE[HY000]: General error: 1366 Incorrect integer value: '' for column 'offerCount' at row 1 (SQL: insert into `tbl_asins_result` (`url`, `asin`, `fkAsinId`, `c_id`, `capturedAt`, `offerPrice`, `..."
71408,B01EX2I8TK,43,"Daily Scraping all ASINs",Daily,"404 Product Not Found"
68847,B00D2KMIEG,43,"Daily Scraping all ASINs",Daily,"404 Product Not Found"
67976,B07H23N4Z5,43,"Daily Scraping all ASINs",Daily,"SQLSTATE[HY000]: General error: 1366 Incorrect integer value: '' for column 'offerCount' at row 1 (SQL: insert into `tbl_asins_result` (`url`, `asin`, `fkAsinId`, `c_id`, `capturedAt`, `offerPrice`, `..."
67977,B07H25LGVW,43,"Daily Scraping all ASINs",Daily,"SQLSTATE[HY000]: General error: 1366 Incorrect integer value: '' for column 'offerCount' at row 1 (SQL: insert into `tbl_asins_result` (`url`, `asin`, `fkAsinId`, `c_id`, `capturedAt`, `offerPrice`, `..."
63179,B00E8JO7LM,43,"Daily Scraping all ASINs",Daily,"404 Product Not Found"
63623,B001EPQA18,43,"Daily Scraping all ASINs",Daily,"404 Product Not Found"
62734,B0159PRCUG,43,"Daily Scraping all ASINs",Daily,"404 Product Not Found"
67981,B07H244KLZ,43,"Daily Scraping all ASINs",Daily,"SQLSTATE[HY000]: General error: 1366 Incorrect integer value: '' for column 'offerCount' at row 1 (SQL: insert into `tbl_asins_result` (`url`, `asin`, `fkAsinId`, `c_id`, `capturedAt`, `offerPrice`, `..."
69748,B00005LLZS,43,"Daily Scraping all ASINs",Daily,"404 Product Not Found"
65858,B00007FGZ0,43,"Daily Scraping all ASINs",Daily,"404 Product Not Found"
67982,B07H2482S4,43,"Daily Scraping all ASINs",Daily,"SQLSTATE[HY000]: General error: 1366 Incorrect integer value: '' for column 'offerCount' at row 1 (SQL: insert into `tbl_asins_result` (`url`, `asin`, `fkAsinId`, `c_id`, `capturedAt`, `offerPrice`, `..."
72321,B00HVF2FY6,43,"Daily Scraping all ASINs",Daily,"404 Product Not Found"
72322,B00HVF0XJU,43,"Daily Scraping all ASINs",Daily,"404 Product Not Found"
69750,B00005LLZH,43,"Daily Scraping all ASINs",Daily,"404 Product Not Found"
63627,B001EPQ9U0,43,"Daily Scraping all ASINs",Daily,"404 Product Not Found"
69751,B00005LLZG,43,"Daily Scraping all ASINs",Daily,"404 Product Not Found"
67984,B07H2615XW,43,"Daily Scraping all ASINs",Daily,"SQLSTATE[HY000]: General error: 1366 Incorrect integer value: '' for column 'offerCount' at row 1 (SQL: insert into `tbl_asins_result` (`url`, `asin`, `fkAsinId`, `c_id`, `capturedAt`, `offerPrice`, `..."
67986,B07H77H8BQ,43,"Daily Scraping all ASINs",Daily,"SQLSTATE[HY000]: General error: 1366 Incorrect integer value: '' for column 'offerCount' at row 1 (SQL: insert into `tbl_asins_result` (`url`, `asin`, `fkAsinId`, `c_id`, `capturedAt`, `offerPrice`, `..."
65866,B00007B8UR,43,"Daily Scraping all ASINs",Daily,"404 Product Not Found"
69757,B00005LLYK,43,"Daily Scraping all ASINs",Daily,"404 Product Not Found"
65869,B00007AKCO,43,"Daily Scraping all ASINs",Daily,"404 Product Not Found"
63635,B001EPQ69Y,43,"Daily Scraping all ASINs",Daily,"404 Product Not Found"
67991,B07H78K1L4,43,"Daily Scraping all ASINs",Daily,"SQLSTATE[HY000]: General error: 1366 Incorrect integer value: '' for column 'offerCount' at row 1 (SQL: insert into `tbl_asins_result` (`url`, `asin`, `fkAsinId`, `c_id`, `capturedAt`, `offerPrice`, `..."
64107,B00004Z5LR,43,"Daily Scraping all ASINs",Daily,"404 Product Not Found"
71427,B01EX2I7ZK,43,"Daily Scraping all ASINs",Daily,"404 Product Not Found"
67994,B07H25RXWL,43,"Daily Scraping all ASINs",Daily,"SQLSTATE[HY000]: General error: 1366 Incorrect integer value: '' for column 'offerCount' at row 1 (SQL: insert into `tbl_asins_result` (`url`, `asin`, `fkAsinId`, `c_id`, `capturedAt`, `offerPrice`, `..."
67996,B07H218ZL5,43,"Daily Scraping all ASINs",Daily,"SQLSTATE[HY000]: General error: 1366 Incorrect integer value: '' for column 'offerCount' at row 1 (SQL: insert into `tbl_asins_result` (`url`, `asin`, `fkAsinId`, `c_id`, `capturedAt`, `offerPrice`, `..."
67998,B07H27W4BX,43,"Daily Scraping all ASINs",Daily,"SQLSTATE[HY000]: General error: 1366 Incorrect integer value: '' for column 'offerCount' at row 1 (SQL: insert into `tbl_asins_result` (`url`, `asin`, `fkAsinId`, `c_id`, `capturedAt`, `offerPrice`, `..."
63647,B001EPQ2WA,43,"Daily Scraping all ASINs",Daily,"404 Product Not Found"
68001,B07H23Y4TB,43,"Daily Scraping all ASINs",Daily,"SQLSTATE[HY000]: General error: 1366 Incorrect integer value: '' for column 'offerCount' at row 1 (SQL: insert into `tbl_asins_result` (`url`, `asin`, `fkAsinId`, `c_id`, `capturedAt`, `offerPrice`, `..."
63649,B001EPQ2U2,43,"Daily Scraping all ASINs",Daily,"404 Product Not Found"
68002,B07H244MDC,43,"Daily Scraping all ASINs",Daily,"SQLSTATE[HY000]: General error: 1366 Incorrect integer value: '' for column 'offerCount' at row 1 (SQL: insert into `tbl_asins_result` (`url`, `asin`, `fkAsinId`, `c_id`, `capturedAt`, `offerPrice`, `..."
62302,B009Z3AGD4,43,"Daily Scraping all ASINs",Daily,"404 Product Not Found"
62309,B007XZ5LEK,43,"Daily Scraping all ASINs",Daily,"404 Product Not Found"
62309,B007XZ5LEK,43,"Daily Scraping all ASINs",Daily,"404 Product Not Found"
68007,B07H26XQDD,43,"Daily Scraping all ASINs",Daily,"SQLSTATE[HY000]: General error: 1366 Incorrect integer value: '' for column 'offerCount' at row 1 (SQL: insert into `tbl_asins_result` (`url`, `asin`, `fkAsinId`, `c_id`, `capturedAt`, `offerPrice`, `..."
68009,B07H24GH9Z,43,"Daily Scraping all ASINs",Daily,"SQLSTATE[HY000]: General error: 1366 Incorrect integer value: '' for column 'offerCount' at row 1 (SQL: insert into `tbl_asins_result` (`url`, `asin`, `fkAsinId`, `c_id`, `capturedAt`, `offerPrice`, `..."
63665,B001H9NC2Q,43,"Daily Scraping all ASINs",Daily,"404 Product Not Found"
68017,B07H24MVCJ,43,"Daily Scraping all ASINs",Daily,"SQLSTATE[HY000]: General error: 1366 Incorrect integer value: '' for column 'offerCount' at row 1 (SQL: insert into `tbl_asins_result` (`url`, `asin`, `fkAsinId`, `c_id`, `capturedAt`, `offerPrice`, `..."
65417,B000052WLS,43,"Daily Scraping all ASINs",Daily,"SQLSTATE[HY000]: General error: 1366 Incorrect integer value: '' for column 'offerCount' at row 1 (SQL: insert into `tbl_asins_result` (`url`, `asin`, `fkAsinId`, `c_id`, `capturedAt`, `offerPrice`, `..."
68021,B07H27FCR8,43,"Daily Scraping all ASINs",Daily,"SQLSTATE[HY000]: General error: 1366 Incorrect integer value: '' for column 'offerCount' at row 1 (SQL: insert into `tbl_asins_result` (`url`, `asin`, `fkAsinId`, `c_id`, `capturedAt`, `offerPrice`, `..."
68022,B07H7641T1,43,"Daily Scraping all ASINs",Daily,"SQLSTATE[HY000]: General error: 1366 Incorrect integer value: '' for column 'offerCount' at row 1 (SQL: insert into `tbl_asins_result` (`url`, `asin`, `fkAsinId`, `c_id`, `capturedAt`, `offerPrice`, `..."
72359,B085DVVXJ8,43,"Daily Scraping all ASINs",Daily,"404 Product Not Found"
67144,B07H2BSQTW,43,"Daily Scraping all ASINs",Daily,"SQLSTATE[HY000]: General error: 1366 Incorrect integer value: '' for column 'offerCount' at row 1 (SQL: insert into `tbl_asins_result` (`url`, `asin`, `fkAsinId`, `c_id`, `capturedAt`, `offerPrice`, `..."
68027,B07H2432QB,43,"Daily Scraping all ASINs",Daily,"SQLSTATE[HY000]: General error: 1366 Incorrect integer value: '' for column 'offerCount' at row 1 (SQL: insert into `tbl_asins_result` (`url`, `asin`, `fkAsinId`, `c_id`, `capturedAt`, `offerPrice`, `..."
68492,B07CDWT2RM,43,"Daily Scraping all ASINs",Daily,"404 Product Not Found"
67145,B07H29PKMN,43,"Daily Scraping all ASINs",Daily,"SQLSTATE[HY000]: General error: 1366 Incorrect integer value: '' for column 'offerCount' at row 1 (SQL: insert into `tbl_asins_result` (`url`, `asin`, `fkAsinId`, `c_id`, `capturedAt`, `offerPrice`, `..."
68028,B07H24DZDJ,43,"Daily Scraping all ASINs",Daily,"SQLSTATE[HY000]: General error: 1366 Incorrect integer value: '' for column 'offerCount' at row 1 (SQL: insert into `tbl_asins_result` (`url`, `asin`, `fkAsinId`, `c_id`, `capturedAt`, `offerPrice`, `..."
68493,B07BXYVN6J,43,"Daily Scraping all ASINs",Daily,"404 Product Not Found"
67147,B07H28CF4Q,43,"Daily Scraping all ASINs",Daily,"SQLSTATE[HY000]: General error: 1366 Incorrect integer value: '' for column 'offerCount' at row 1 (SQL: insert into `tbl_asins_result` (`url`, `asin`, `fkAsinId`, `c_id`, `capturedAt`, `offerPrice`, `..."
72767,B01540ANDE,43,"Daily Scraping all ASINs",Daily,"404 Product Not Found"
72768,B01AX7VPJ4,43,"Daily Scraping all ASINs",Daily,"404 Product Not Found"
62796,B000YMCCJQ,43,"Daily Scraping all ASINs",Daily,"404 Product Not Found"
68035,B07H25YGWM,43,"Daily Scraping all ASINs",Daily,"SQLSTATE[HY000]: General error: 1366 Incorrect integer value: '' for column 'offerCount' at row 1 (SQL: insert into `tbl_asins_result` (`url`, `asin`, `fkAsinId`, `c_id`, `capturedAt`, `offerPrice`, `..."
67151,B07H29XHDV,43,"Daily Scraping all ASINs",Daily,"SQLSTATE[HY000]: General error: 1366 Incorrect integer value: '' for column 'offerCount' at row 1 (SQL: insert into `tbl_asins_result` (`url`, `asin`, `fkAsinId`, `c_id`, `capturedAt`, `offerPrice`, `..."
67152,B07H2BYN48,43,"Daily Scraping all ASINs",Daily,"SQLSTATE[HY000]: General error: 1366 Incorrect integer value: '' for column 'offerCount' at row 1 (SQL: insert into `tbl_asins_result` (`url`, `asin`, `fkAsinId`, `c_id`, `capturedAt`, `offerPrice`, `..."
67153,B07H2CPRWQ,43,"Daily Scraping all ASINs",Daily,"SQLSTATE[HY000]: General error: 1366 Incorrect integer value: '' for column 'offerCount' at row 1 (SQL: insert into `tbl_asins_result` (`url`, `asin`, `fkAsinId`, `c_id`, `capturedAt`, `offerPrice`, `..."
67154,B07H2BHB9D,43,"Daily Scraping all ASINs",Daily,"SQLSTATE[HY000]: General error: 1366 Incorrect integer value: '' for column 'offerCount' at row 1 (SQL: insert into `tbl_asins_result` (`url`, `asin`, `fkAsinId`, `c_id`, `capturedAt`, `offerPrice`, `..."
67156,B07H2C5L31,43,"Daily Scraping all ASINs",Daily,"SQLSTATE[HY000]: General error: 1366 Incorrect integer value: '' for column 'offerCount' at row 1 (SQL: insert into `tbl_asins_result` (`url`, `asin`, `fkAsinId`, `c_id`, `capturedAt`, `offerPrice`, `..."
68039,B07H25JLT8,43,"Daily Scraping all ASINs",Daily,"SQLSTATE[HY000]: General error: 1366 Incorrect integer value: '' for column 'offerCount' at row 1 (SQL: insert into `tbl_asins_result` (`url`, `asin`, `fkAsinId`, `c_id`, `capturedAt`, `offerPrice`, `..."
68040,B07H269LD1,43,"Daily Scraping all ASINs",Daily,"SQLSTATE[HY000]: General error: 1366 Incorrect integer value: '' for column 'offerCount' at row 1 (SQL: insert into `tbl_asins_result` (`url`, `asin`, `fkAsinId`, `c_id`, `capturedAt`, `offerPrice`, `..."
67157,B07H29TPKX,43,"Daily Scraping all ASINs",Daily,"SQLSTATE[HY000]: General error: 1366 Incorrect integer value: '' for column 'offerCount' at row 1 (SQL: insert into `tbl_asins_result` (`url`, `asin`, `fkAsinId`, `c_id`, `capturedAt`, `offerPrice`, `..."
64519,B00PRZ7D1M,43,"Daily Scraping all ASINs",Daily,"404 Product Not Found"
67158,B07H2BD6NQ,43,"Daily Scraping all ASINs",Daily,"SQLSTATE[HY000]: General error: 1366 Incorrect integer value: '' for column 'offerCount' at row 1 (SQL: insert into `tbl_asins_result` (`url`, `asin`, `fkAsinId`, `c_id`, `capturedAt`, `offerPrice`, `..."
68045,B07H2691JV,43,"Daily Scraping all ASINs",Daily,"SQLSTATE[HY000]: General error: 1366 Incorrect integer value: '' for column 'offerCount' at row 1 (SQL: insert into `tbl_asins_result` (`url`, `asin`, `fkAsinId`, `c_id`, `capturedAt`, `offerPrice`, `..."
64522,B00PRZ7718,43,"Daily Scraping all ASINs",Daily,"404 Product Not Found"
68046,B07H26KP1F,43,"Daily Scraping all ASINs",Daily,"SQLSTATE[HY000]: General error: 1366 Incorrect integer value: '' for column 'offerCount' at row 1 (SQL: insert into `tbl_asins_result` (`url`, `asin`, `fkAsinId`, `c_id`, `capturedAt`, `offerPrice`, `..."
68048,B07H2496ZQ,43,"Daily Scraping all ASINs",Daily,"SQLSTATE[HY000]: General error: 1366 Incorrect integer value: '' for column 'offerCount' at row 1 (SQL: insert into `tbl_asins_result` (`url`, `asin`, `fkAsinId`, `c_id`, `capturedAt`, `offerPrice`, `..."
64525,B00PRZ75SI,43,"Daily Scraping all ASINs",Daily,"404 Product Not Found"
67163,B07H2D42DN,43,"Daily Scraping all ASINs",Daily,"SQLSTATE[HY000]: General error: 1366 Incorrect integer value: '' for column 'offerCount' at row 1 (SQL: insert into `tbl_asins_result` (`url`, `asin`, `fkAsinId`, `c_id`, `capturedAt`, `offerPrice`, `..."
67164,B07H2B94VH,43,"Daily Scraping all ASINs",Daily,"SQLSTATE[HY000]: General error: 1366 Incorrect integer value: '' for column 'offerCount' at row 1 (SQL: insert into `tbl_asins_result` (`url`, `asin`, `fkAsinId`, `c_id`, `capturedAt`, `offerPrice`, `..."
72784,B0872WRN2J,43,"Daily Scraping all ASINs",Daily,"404 Product Not Found"
72785,B0872TRSBY,43,"Daily Scraping all ASINs",Daily,"404 Product Not Found"
72787,B0872T9BFB,43,"Daily Scraping all ASINs",Daily,"404 Product Not Found"
68054,B07H24DG4M,43,"Daily Scraping all ASINs",Daily,"SQLSTATE[HY000]: General error: 1366 Incorrect integer value: '' for column 'offerCount' at row 1 (SQL: insert into `tbl_asins_result` (`url`, `asin`, `fkAsinId`, `c_id`, `capturedAt`, `offerPrice`, `..."
72789,B07XM4P9ZG,43,"Daily Scraping all ASINs",Daily,"404 Product Not Found"
72790,B07S752ZC7,43,"Daily Scraping all ASINs",Daily,"404 Product Not Found"
72380,B010546IW4,43,"Daily Scraping all ASINs",Daily,"404 Product Not Found"
72793,B07QKHVJTL,43,"Daily Scraping all ASINs",Daily,"404 Product Not Found"
68058,B07H27518N,43,"Daily Scraping all ASINs",Daily,"SQLSTATE[HY000]: General error: 1366 Incorrect integer value: '' for column 'offerCount' at row 1 (SQL: insert into `tbl_asins_result` (`url`, `asin`, `fkAsinId`, `c_id`, `capturedAt`, `offerPrice`, `..."
68059,B07H24DYB7,43,"Daily Scraping all ASINs",Daily,"SQLSTATE[HY000]: General error: 1366 Incorrect integer value: '' for column 'offerCount' at row 1 (SQL: insert into `tbl_asins_result` (`url`, `asin`, `fkAsinId`, `c_id`, `capturedAt`, `offerPrice`, `..."
72795,B07TSKVZWR,43,"Daily Scraping all ASINs",Daily,"404 Product Not Found"
72796,B07N388CDQ,43,"Daily Scraping all ASINs",Daily,"404 Product Not Found"
72797,B07T5JLX1N,43,"Daily Scraping all ASINs",Daily,"404 Product Not Found"
72799,B086CFCK26,43,"Daily Scraping all ASINs",Daily,"404 Product Not Found"
72800,B07QZZ1PBR,43,"Daily Scraping all ASINs",Daily,"404 Product Not Found"
72801,B07NH79NHN,43,"Daily Scraping all ASINs",Daily,"404 Product Not Found"
72803,B07W3HG6J4,43,"Daily Scraping all ASINs",Daily,"404 Product Not Found"
72804,B07QP9NV27,43,"Daily Scraping all ASINs",Daily,"404 Product Not Found"
72805,B07SV3ZD6K,43,"Daily Scraping all ASINs",Daily,"404 Product Not Found"
72394,B0755GGV65,43,"Daily Scraping all ASINs",Daily,"404 Product Not Found"
72808,B07N65L9P9,43,"Daily Scraping all ASINs",Daily,"404 Product Not Found"
72810,B07YHQCNJN,43,"Daily Scraping all ASINs",Daily,"404 Product Not Found"
72811,B07W5ZBW9B,43,"Daily Scraping all ASINs",Daily,"404 Product Not Found"
72812,B07X8QBXV8,43,"Daily Scraping all ASINs",Daily,"404 Product Not Found"
72813,B07QP28X18,43,"Daily Scraping all ASINs",Daily,"404 Product Not Found"
72814,B07QN12L8B,43,"Daily Scraping all ASINs",Daily,"404 Product Not Found"
72817,B07QPPV4TZ,43,"Daily Scraping all ASINs",Daily,"404 Product Not Found"
72818,B07R6NQQH8,43,"Daily Scraping all ASINs",Daily,"404 Product Not Found"
72819,B08547J6TR,43,"Daily Scraping all ASINs",Daily,"404 Product Not Found"
72820,B07KY84YVQ,43,"Daily Scraping all ASINs",Daily,"404 Product Not Found"
72822,B07T1GJMXZ,43,"Daily Scraping all ASINs",Daily,"404 Product Not Found"
72824,B07QWB1QS6,43,"Daily Scraping all ASINs",Daily,"404 Product Not Found"
64554,B00N5D07IY,43,"Daily Scraping all ASINs",Daily,"404 Product Not Found"
64556,B00MYL8DSO,43,"Daily Scraping all ASINs",Daily,"404 Product Not Found"
64557,B00MYL8CVC,43,"Daily Scraping all ASINs",Daily,"404 Product Not Found"
72829,B07S36B5ZB,43,"Daily Scraping all ASINs",Daily,"404 Product Not Found"
72830,B07QLY7HQX,43,"Daily Scraping all ASINs",Daily,"404 Product Not Found"
72831,B07QLGR1CC,43,"Daily Scraping all ASINs",Daily,"404 Product Not Found"
64560,B00MYL880C,43,"Daily Scraping all ASINs",Daily,"404 Product Not Found"
72832,B07SQHCMN6,43,"Daily Scraping all ASINs",Daily,"404 Product Not Found"
72833,B07T8K638C,43,"Daily Scraping all ASINs",Daily,"404 Product Not Found"
72834,B07QP5XQNL,43,"Daily Scraping all ASINs",Daily,"404 Product Not Found"
72838,B084H2SV8F,43,"Daily Scraping all ASINs",Daily,"404 Product Not Found"
72839,B084F4JYB4,43,"Daily Scraping all ASINs",Daily,"404 Product Not Found"
72843,B07V4HNV36,43,"Daily Scraping all ASINs",Daily,"404 Product Not Found"
72845,B07R2MZHQ9,43,"Daily Scraping all ASINs",Daily,"404 Product Not Found"
72846,B07QJXPCZS,43,"Daily Scraping all ASINs",Daily,"404 Product Not Found"
72847,B07VVLQL9R,43,"Daily Scraping all ASINs",Daily,"404 Product Not Found"
72848,B07SGG1PWS,43,"Daily Scraping all ASINs",Daily,"404 Product Not Found"
72849,B07RV779RG,43,"Daily Scraping all ASINs",Daily,"404 Product Not Found"
72850,B07R7RMV7F,43,"Daily Scraping all ASINs",Daily,"404 Product Not Found"
72852,B07D3948MJ,43,"Daily Scraping all ASINs",Daily,"404 Product Not Found"
72853,B07Y4Q9Q3V,43,"Daily Scraping all ASINs",Daily,"404 Product Not Found"
72855,B07XJFQF5Z,43,"Daily Scraping all ASINs",Daily,"404 Product Not Found"
72859,B084ZM1LJZ,43,"Daily Scraping all ASINs",Daily,"404 Product Not Found"
72863,B08614P8PG,43,"Daily Scraping all ASINs",Daily,"404 Product Not Found"
72864,B07N7WG4KZ,43,"Daily Scraping all ASINs",Daily,"404 Product Not Found"
72865,B07RGMDVHV,43,"Daily Scraping all ASINs",Daily,"404 Product Not Found"
72867,B081TKPNP6,43,"Daily Scraping all ASINs",Daily,"404 Product Not Found"
72869,B07TBGLLJ9,43,"Daily Scraping all ASINs",Daily,"404 Product Not Found"
71995,B007NYN9CC,43,"Daily Scraping all ASINs",Daily,"404 Product Not Found"
66164,B00004Z5O0,43,"Daily Scraping all ASINs",Daily,"404 Product Not Found"
62740,B015FIGR5S,43,"Daily Scraping all ASINs",Daily,"404 Product Not Found"
63906,B000YMCB1U,43,"Daily Scraping all ASINs",Daily,"404 Product Not Found"
72862,B07TCFBBFK,43,"Daily Scraping all ASINs",Daily,"404 Product Not Found"
63785,B000YMHTB2,43,"Daily Scraping all ASINs",Daily,"404 Product Not Found"
66165,B00004Z5NY,43,"Daily Scraping all ASINs",Daily,"404 Product Not Found"
71996,B007NYMLMG,43,"Daily Scraping all ASINs",Daily,"404 Product Not Found"
63796,B000YMGG8E,43,"Daily Scraping all ASINs",Daily,"404 Product Not Found"
66166,B00004Z5N0,43,"Daily Scraping all ASINs",Daily,"404 Product Not Found"
65479,B000U0FAK0,43,"Daily Scraping all ASINs",Daily,"404 Product Not Found"
63940,B000YMAKAO,43,"Daily Scraping all ASINs",Daily,"404 Product Not Found"
72003,B01DS2W0PO,43,"Daily Scraping all ASINs",Daily,"404 Product Not Found"
72866,B07QQBGSSW,43,"Daily Scraping all ASINs",Daily,"404 Product Not Found"
70112,B002VA4LNO,43,"Daily Scraping all ASINs",Daily,"404 Product Not Found"
64901,B006K0H6OM,43,"Daily Scraping all ASINs",Daily,"404 Product Not Found"
72870,B07RKT4QC3,43,"Daily Scraping all ASINs",Daily,"404 Product Not Found"
63800,B000YMGCXS,43,"Daily Scraping all ASINs",Daily,"404 Product Not Found"
72360,B004J100UQ,43,"Daily Scraping all ASINs",Daily,"404 Product Not Found"
69185,B00EW04JLK,43,"Daily Scraping all ASINs",Daily,"404 Product Not Found"
62906,B00GTRUQ7K,43,"Daily Scraping all ASINs",Daily,"404 Product Not Found"
63951,B000YM93LG,43,"Daily Scraping all ASINs",Daily,"404 Product Not Found"
65712,B00009PQTR,43,"Daily Scraping all ASINs",Daily,"404 Product Not Found"
72802,B07QPL44SL,43,"Daily Scraping all ASINs",Daily,"404 Product Not Found"
72016,B071NVMHL4,43,"Daily Scraping all ASINs",Daily,"404 Product Not Found"
63834,B000YMEKOQ,43,"Daily Scraping all ASINs",Daily,"404 Product Not Found"
69186,B00EW04JJ2,43,"Daily Scraping all ASINs",Daily,"404 Product Not Found"
66204,B00006B8J0,43,"Daily Scraping all ASINs",Daily,"404 Product Not Found"
72807,B07N72STPV,43,"Daily Scraping all ASINs",Daily,"404 Product Not Found"
62656,B0196K53HE,43,"Daily Scraping all ASINs",Daily,"404 Product Not Found"
62683,B017LY36JE,43,"Daily Scraping all ASINs",Daily,"404 Product Not Found"
63582,B002A6AF84,43,"Daily Scraping all ASINs",Daily,"404 Product Not Found"
72030,B07NLN4F44,43,"Daily Scraping all ASINs",Daily,"404 Product Not Found"
72821,B07YVLN4KW,43,"Daily Scraping all ASINs",Daily,"404 Product Not Found"
72397,B003SWVV8C,43,"Daily Scraping all ASINs",Daily,"404 Product Not Found"
65814,B00008YMEO,43,"Daily Scraping all ASINs",Daily,"404 Product Not Found"
69725,B00012O6YS,43,"Daily Scraping all ASINs",Daily,"404 Product Not Found"
69264,B0089G9MVU,43,"Daily Scraping all ASINs",Daily,"404 Product Not Found"
65872,B000078OMJ,43,"Daily Scraping all ASINs",Daily,"404 Product Not Found"
72043,B000V9YYMK,43,"Daily Scraping all ASINs",Daily,"404 Product Not Found"
63875,B000YMD0DS,43,"Daily Scraping all ASINs",Daily,"404 Product Not Found"
62702,B017LW47CG,43,"Daily Scraping all ASINs",Daily,"404 Product Not Found"
63301,B009Z3DLBS,43,"Daily Scraping all ASINs",Daily,"404 Product Not Found"
63625,B001EPQ9XM,43,"Daily Scraping all ASINs",Daily,"404 Product Not Found"
65887,B00006I61B,43,"Daily Scraping all ASINs",Daily,"404 Product Not Found"
72827,B07W3DMCJ5,43,"Daily Scraping all ASINs",Daily,"404 Product Not Found"
66282,B00BFW8LFI,43,"Daily Scraping all ASINs",Daily,"404 Product Not Found"
62718,B0159PS29Q,43,"Daily Scraping all ASINs",Daily,"404 Product Not Found"
63878,B000YMCZR0,43,"Daily Scraping all ASINs",Daily,"404 Product Not Found"
72166,B086K5NCPM,43,"Daily Scraping all ASINs",Daily,"404 Product Not Found"
69749,B00005LLZR,43,"Daily Scraping all ASINs",Daily,"404 Product Not Found"
72828,B07YMPTD88,43,"Daily Scraping all ASINs",Daily,"404 Product Not Found"
70812,B00L3EKRTG,43,"Daily Scraping all ASINs",Daily,"404 Product Not Found"
69273,B005OEJ7M4,43,"Daily Scraping all ASINs",Daily,"404 Product Not Found"
72173,B086K5G8FY,43,"Daily Scraping all ASINs",Daily,"404 Product Not Found"
65947,B00006B8JE,43,"Daily Scraping all ASINs",Daily,"404 Product Not Found"
64430,B00R2XBMX2,43,"Daily Scraping all ASINs",Daily,"404 Product Not Found"
66389,B00G90WCCE,43,"Daily Scraping all ASINs",Daily,"404 Product Not Found"
69752,B00005LLZ0,43,"Daily Scraping all ASINs",Daily,"404 Product Not Found"
62728,B0159PRN0U,43,"Daily Scraping all ASINs",Daily,"404 Product Not Found"
65948,B00006B8JD,43,"Daily Scraping all ASINs",Daily,"404 Product Not Found"
70816,B01IE3GKSA,43,"Daily Scraping all ASINs",Daily,"404 Product Not Found"
72840,B07SG8WJ1M,43,"Daily Scraping all ASINs",Daily,"404 Product Not Found"
64040,B07ZJC6X4N,43,"Daily Scraping all ASINs",Daily,"404 Product Not Found"
70832,B06XD994G6,43,"Daily Scraping all ASINs",Daily,"404 Product Not Found"
72179,B086K622PF,43,"Daily Scraping all ASINs",Daily,"404 Product Not Found"
69753,B00005LLYY,43,"Daily Scraping all ASINs",Daily,"404 Product Not Found"
66401,B00CQ1ARUY,43,"Daily Scraping all ASINs",Daily,"404 Product Not Found"
63407,B005H3PJU6,43,"Daily Scraping all ASINs",Daily,"404 Product Not Found"
66140,B00004Z6P2,43,"Daily Scraping all ASINs",Daily,"404 Product Not Found"
70009,B0075CIWWE,43,"Daily Scraping all ASINs",Daily,"404 Product Not Found"
70847,B00IPPPCFK,43,"Daily Scraping all ASINs",Daily,"404 Product Not Found"
63881,B000YMCVU6,43,"Daily Scraping all ASINs",Daily,"404 Product Not Found"
65013,B003YJDZUQ,43,"Daily Scraping all ASINs",Daily,"404 Product Not Found"
63170,B00E8JOMMQ,43,"Daily Scraping all ASINs",Daily,"404 Product Not Found"
68219,B0886ZP5HT,43,"Daily Scraping all ASINs",Daily,"404 Product Not Found"
67662,B07H23FC8V,43,"Daily Scraping all ASINs",Daily,"SQLSTATE[HY000]: General error: 1366 Incorrect integer value: '' for column 'offerCount' at row 1 (SQL: insert into `tbl_asins_result` (`url`, `asin`, `fkAsinId`, `c_id`, `capturedAt`, `offerPrice`, `..."
65066,B002T03MYK,43,"Daily Scraping all ASINs",Daily,"404 Product Not Found"
63883,B000YMCU02,43,"Daily Scraping all ASINs",Daily,"404 Product Not Found"
72844,B07QMZTJ3W,43,"Daily Scraping all ASINs",Daily,"404 Product Not Found"
62735,B0159PRBJS,43,"Daily Scraping all ASINs",Daily,"404 Product Not Found"
72851,B07QYZ1R8Z,43,"Daily Scraping all ASINs",Daily,"404 Product Not Found"
68864,B07FDMRXZT,43,"Daily Scraping all ASINs",Daily,"404 Product Not Found"
70864,B001EWF346,43,"Daily Scraping all ASINs",Daily,"404 Product Not Found"
66163,B00004Z5O1,43,"Daily Scraping all ASINs",Daily,"404 Product Not Found"
62736,B0159PR7U6,43,"Daily Scraping all ASINs",Daily,"404 Product Not Found"
63886,B000YMCQLK,43,"Daily Scraping all ASINs",Daily,"404 Product Not Found"
65258,B000GLXTIS,43,"Daily Scraping all ASINs",Daily,"404 Product Not Found"
62217,B00EPWAJM8,43,"Daily Scraping all ASINs",Daily,"404 Product Not Found"
72860,B07QNH6P96,43,"Daily Scraping all ASINs",Daily,"404 Product Not Found"
63887,B000YMCQBK,43,"Daily Scraping all ASINs",Daily,"404 Product Not Found"
68941,B01LXYM4PJ,43,"Daily Scraping all ASINs",Daily,"404 Product Not Found"
67682,B07H24R485,43,"Daily Scraping all ASINs",Daily,"SQLSTATE[HY000]: General error: 1366 Incorrect integer value: '' for column 'offerCount' at row 1 (SQL: insert into `tbl_asins_result` (`url`, `asin`, `fkAsinId`, `c_id`, `capturedAt`, `offerPrice`, `..."
63776,B000YMEV68,43,"Daily Scraping all ASINs",Daily,"404 Product Not Found"
64544,B0199N9CW0,43,"Daily Scraping all ASINs",Daily,"404 Product Not Found"
62246,B07DVRV49W,43,"Daily Scraping all ASINs",Daily,"404 Product Not Found"
62305,B009HQOSGA,43,"Daily Scraping all ASINs",Daily,"404 Product Not Found"
62338,B0006HUQSS,43,"Daily Scraping all ASINs",Daily,"404 Product Not Found"
68491,B07CBFGVH7,43,"Daily Scraping all ASINs",Daily,"404 Product Not Found"
63520,B002M80YK4,43,"Daily Scraping all ASINs",Daily,"404 Product Not Found"
63522,B002M7VRYC,43,"Daily Scraping all ASINs",Daily,"404 Product Not Found"
63812,B000YMFZO0,43,"Daily Scraping all ASINs",Daily,"404 Product Not Found"
62733,B0159PRF1M,43,"Daily Scraping all ASINs",Daily,"404 Product Not Found"
69553,B000086K06,43,"Daily Scraping all ASINs",Daily,"404 Product Not Found"
62950,B000KIA8ZO,43,"Daily Scraping all ASINs",Daily,"404 Product Not Found"
72842,B07QL5M3LL,43,"Daily Scraping all ASINs",Daily,"404 Product Not Found"
72786,B0872TYLRL,43,"Daily Scraping all ASINs",Daily,"404 Product Not Found"
68348,B01DQ0NNK4,43,"Daily Scraping all ASINs",Daily,"404 Product Not Found"
63857,B000YME794,43,"Daily Scraping all ASINs",Daily,"404 Product Not Found"
63862,B000YME5AU,43,"Daily Scraping all ASINs",Daily,"404 Product Not Found"
69747,B00005LM05,43,"Daily Scraping all ASINs",Daily,"404 Product Not Found"
64558,B00MYL89ZG,43,"Daily Scraping all ASINs",Daily,"404 Product Not Found"
72856,B07T167WMZ,43,"Daily Scraping all ASINs",Daily,"404 Product Not Found"
63196,B00E8JNB14,43,"Daily Scraping all ASINs",Daily,"404 Product Not Found"
72193,B087RFZ5P5,43,"Daily Scraping all ASINs",Daily,"404 Product Not Found"
66274,B07V6KHXKH,43,"Daily Scraping all ASINs",Daily,"404 Product Not Found"
69566,B000YMCFQ6,43,"Daily Scraping all ASINs",Daily,"404 Product Not Found"
62244,B07GYZPSKP,43,"Daily Scraping all ASINs",Daily,"404 Product Not Found"
63672,B001GCU4Y8,43,"Daily Scraping all ASINs",Daily,"404 Product Not Found"
69288,B001E696A4,43,"Daily Scraping all ASINs",Daily,"404 Product Not Found"
72181,B086VPX4HL,43,"Daily Scraping all ASINs",Daily,"404 Product Not Found"
63880,B000YMCYBC,43,"Daily Scraping all ASINs",Daily,"404 Product Not Found"
63963,B000YM8Q0A,43,"Daily Scraping all ASINs",Daily,"404 Product Not Found"
70855,B004ZQ7K0I,43,"Daily Scraping all ASINs",Daily,"404 Product Not Found"
66437,B0048ELAAI,43,"Daily Scraping all ASINs",Daily,"404 Product Not Found"
69435,B003MVEI2U,43,"Daily Scraping all ASINs",Daily,"404 Product Not Found"
62742,B015FHQIKI,43,"Daily Scraping all ASINs",Daily,"404 Product Not Found"
63416,B005H3PJ38,43,"Daily Scraping all ASINs",Daily,"404 Product Not Found"
65618,B0002ZHFA6,43,"Daily Scraping all ASINs",Daily,"404 Product Not Found"
69196,B00DXNXQ4S,43,"Daily Scraping all ASINs",Daily,"404 Product Not Found"
72841,B07QMP11CW,43,"Daily Scraping all ASINs",Daily,"404 Product Not Found"
68770,B07N65ZW8R,43,"Daily Scraping all ASINs",Daily,"404 Product Not Found"
63956,B000YM921W,43,"Daily Scraping all ASINs",Daily,"404 Product Not Found"
69397,B000GP0RDY,43,"Daily Scraping all ASINs",Daily,"404 Product Not Found"
